address_id,address,address2,district,city_id,postal_code,phone,location,last_update
1,47 MySakila Drive,null,Alberta,300,,,[B@291ae,2014-09-25 23:30:27.0
2,28 MySQL Boulevard,null,QLD,576,,,[B@61df66b6,2014-09-25 23:30:09.0
3,23 Workhaven Lane,null,Alberta,300,,14033335568,[B@50eac852,2014-09-25 23:30:27.0
4,1411 Lillydale Drive,null,QLD,576,,6172235589,[B@16ec5519,2014-09-25 23:30:09.0
5,1913 Hanoi Way,,Nagasaki,463,35200,28303384290,[B@2f7298b,2014-09-25 23:31:53.0
6,1121 Loja Avenue,,California,449,17886,838635286649,[B@188715b5,2014-09-25 23:34:01.0
7,692 Joliet Street,,Attika,38,83579,448477190408,[B@1ea9f6af,2014-09-25 23:31:07.0
8,1566 Inegl Manor,,Mandalay,349,53561,705814003527,[B@6a192cfe,2014-09-25 23:32:18.0
9,53 Idfu Parkway,,Nantou,361,42399,10655648674,[B@5119fb47,2014-09-25 23:33:16.0
10,1795 Santiago de Compostela Way,,Texas,295,18743,860452626434,[B@7193666c,2014-09-25 23:33:55.0
11,900 Santiago de Compostela Parkway,,Central Serbia,280,93896,716571220373,[B@20deea7f,2014-09-25 23:34:11.0
12,478 Joliet Way,,Hamilton,200,77948,657282285970,[B@3835c46,2014-09-25 23:32:22.0
13,613 Korolev Drive,,Masqat,329,45844,380657522649,[B@1dde4cb2,2014-09-25 23:32:29.0
14,1531 Sal Drive,,Esfahan,162,53628,648856936185,[B@7714e963,2014-09-25 23:31:36.0
15,1542 Tarlac Parkway,,Kanagawa,440,1027,635297277345,[B@20ce78ec,2014-09-25 23:31:53.0
16,808 Bhopal Manor,,Haryana,582,10672,465887807014,[B@393671df,2014-09-25 23:31:30.0
17,270 Amroha Parkway,,Osmaniye,384,29610,695479687538,[B@56620197,2014-09-25 23:33:27.0
18,770 Bydgoszcz Avenue,,California,120,16266,517338314235,[B@6eda5c9,2014-09-25 23:33:47.0
19,419 Iligan Lane,,Madhya Pradesh,76,72878,990911107354,[B@55b7a4e0,2014-09-25 23:31:13.0
20,360 Toulouse Parkway,,England,495,54308,949312333307,[B@5f058f00,2014-09-25 23:33:40.0
21,270 Toulon Boulevard,,Kalmykia,156,81766,407752414682,[B@192d43ce,2014-09-25 23:32:48.0
22,320 Brest Avenue,,Kaduna,252,43331,747791594069,[B@72057ecf,2014-09-25 23:32:25.0
23,1417 Lancaster Avenue,,Northern Cape,267,72192,272572357893,[B@1afd44cb,2014-09-25 23:33:03.0
24,1688 Okara Way,,Nothwest Border Prov,327,21954,144453869132,[B@6973b51b,2014-09-25 23:32:30.0
25,262 A Corua (La Corua) Parkway,,Dhaka,525,34418,892775750063,[B@1ab3a8c8,2014-09-25 23:30:12.0
26,28 Charlotte Amalie Street,,Rabat-Sal-Zammour-Z,443,37551,161968374323,[B@43195e57,2014-09-25 23:32:16.0
27,1780 Hino Boulevard,,Liepaja,303,7716,902731229323,[B@333291e3,2014-09-25 23:31:58.0
28,96 Tafuna Way,,Crdoba,128,99865,934730187245,[B@479d31f3,2014-09-25 23:30:05.0
29,934 San Felipe de Puerto Plata Street,,Sind,472,99780,196495945706,[B@40ef3420,2014-09-25 23:32:31.0
30,18 Duisburg Boulevard,,,121,58327,998009777982,[B@498d318c,2014-09-25 23:31:08.0
31,217 Botshabelo Place,,Southern Mindanao,138,49521,665356572025,[B@6e171cd7,2014-09-25 23:32:36.0
32,1425 Shikarpur Manor,,Bihar,346,65599,678220867005,[B@402bba4f,2014-09-25 23:31:20.0
33,786 Aurora Avenue,,Yamaguchi,474,65750,18461860151,[B@795cd85e,2014-09-25 23:31:53.0
34,1668 Anpolis Street,,Taipei,316,50199,525255540978,[B@59fd97a8,2014-09-25 23:33:15.0
35,33 Gorontalo Way,,West Bengali,257,30348,745994947458,[B@f5ac9e4,2014-09-25 23:31:18.0
36,176 Mandaluyong Place,,Uttar Pradesh,239,65213,627705991774,[B@123ef382,2014-09-25 23:31:17.0
37,127 Purnea (Purnia) Manor,,Piemonte,17,79388,911872220378,[B@dbf57b3,2014-09-25 23:31:42.0
38,61 Tama Street,,Okayama,284,94065,708403338270,[B@384ad17b,2014-09-25 23:31:49.0
39,391 Callao Drive,,Midi-Pyrnes,544,34021,440512153169,[B@61862a7f,2014-09-25 23:31:01.0
40,334 Munger (Monghyr) Lane,,Markazi,31,38145,481183273622,[B@441772e,2014-09-25 23:31:36.0
41,1440 Fukuyama Loop,,Henan,362,47929,912257250465,[B@7334aada,2014-09-25 23:30:40.0
42,269 Cam Ranh Parkway,,Chisinau,115,34689,489783829737,[B@1d9b7cce,2014-09-25 23:32:15.0
43,306 Antofagasta Place,,Esprito Santo,569,3989,378318851631,[B@4d9e68d0,2014-09-25 23:30:23.0
44,671 Graz Street,,Oriental,353,94399,680768868518,[B@42e99e4a,2014-09-25 23:32:16.0
45,42 Brindisi Place,,Yerevan,586,16744,42384721397,[B@14dd9eb7,2014-09-25 23:30:08.0
46,1632 Bislig Avenue,,Nonthaburi,394,61117,471675840679,[B@52e6fdee,2014-09-25 23:33:20.0
47,1447 Imus Way,,Tahiti,167,48942,539758313890,[B@6c80d78a,2014-09-25 23:31:02.0
48,1998 Halifax Drive,,Lipetsk,308,76022,177727722820,[B@62150f9e,2014-09-25 23:32:54.0
49,1718 Valencia Street,,Antofagasta,27,37359,675292816413,[B@1a451d4d,2014-09-25 23:30:29.0
50,46 Pjatigorsk Lane,,Moscow (City),343,23616,262076994845,[B@7fa98a66,2014-09-25 23:32:55.0
51,686 Garland Manor,,Cear,247,52535,69493378813,[B@15ff3e9e,2014-09-25 23:30:19.0
52,909 Garland Manor,,Tatarstan,367,69367,705800322606,[B@5fdcaa40,2014-09-25 23:32:55.0
53,725 Isesaki Place,,Mekka,237,74428,876295323994,[B@6dc17b83,2014-09-25 23:33:00.0
54,115 Hidalgo Parkway,,Khartum,379,80168,307703950263,[B@5e0826e7,2014-09-25 23:33:11.0
55,1135 Izumisano Parkway,,California,171,48150,171822533480,[B@32eff876,2014-09-25 23:33:50.0
56,939 Probolinggo Loop,,Galicia,1,4166,680428310138,[B@8dbdac1,2014-09-25 23:33:08.0
57,17 Kabul Boulevard,,Chiba,355,38594,697760867968,[B@6e20b53a,2014-09-25 23:31:51.0
58,1964 Allappuzha (Alleppey) Street,,Yamaguchi,227,48980,920811325222,[B@71809907,2014-09-25 23:31:47.0
59,1697 Kowloon and New Kowloon Loop,,Moskova,49,57807,499352017190,[B@3ce1e309,2014-09-25 23:32:47.0
60,1668 Saint Louis Place,,Tahiti,397,39072,347487831378,[B@6aba2b86,2014-09-25 23:31:02.0
61,943 Tokat Street,,Vaduz,560,45428,889318963672,[B@158da8e,2014-09-25 23:31:58.0
62,1114 Liepaja Street,,Sarawak,282,69226,212869228936,[B@74e52303,2014-09-25 23:32:00.0
63,1213 Ranchi Parkway,,Karnataka,350,94352,800024380485,[B@47af7f3d,2014-09-25 23:31:21.0
64,81 Hodeida Way,,Rajasthan,231,55561,250767749542,[B@7c729a55,2014-09-25 23:31:17.0
65,915 Ponce Place,,Basel-Stadt,56,83980,1395251317,[B@3bb9a3ff,2014-09-25 23:33:12.0
66,1717 Guadalajara Lane,,Missouri,441,85505,914090181665,[B@661972b0,2014-09-25 23:33:59.0
67,1214 Hanoi Way,,Nebraska,306,67055,491001136577,[B@5af3afd9,2014-09-25 23:33:56.0
68,1966 Amroha Avenue,,Sichuan,139,70385,333489324603,[B@323b36e0,2014-09-25 23:30:32.0
69,698 Otsu Street,,Cayenne,105,71110,409983924481,[B@44ebcd03,2014-09-25 23:31:02.0
70,1150 Kimchon Manor,,Skne ln,321,96109,663449333709,[B@694abbdc,2014-09-25 23:33:11.0
71,1586 Guaruj Place,,Hunan,579,5135,947233365992,[B@2e005c4b,2014-09-25 23:30:46.0
72,57 Arlington Manor,,Madhya Pradesh,475,48960,990214419142,[B@4567f35d,2014-09-25 23:31:27.0
73,1031 Daugavpils Parkway,,Bchar,63,59025,107137400143,[B@5ffead27,2014-09-25 23:29:59.0
74,1124 Buenaventura Drive,,Mekka,13,6856,407733804223,[B@6356695f,2014-09-25 23:32:59.0
75,492 Cam Ranh Street,,Eastern Visayas,61,50805,565018274456,[B@4f18837a,2014-09-25 23:32:34.0
76,89 Allappuzha (Alleppey) Manor,,National Capital Reg,517,75444,255800440636,[B@359f7cdf,2014-09-25 23:32:39.0
77,1947 Poos de Caldas Boulevard,,Chiayi,114,60951,427454485876,[B@1fa268de,2014-09-25 23:33:14.0
78,1206 Dos Quebradas Place,,So Paulo,431,20207,241832790687,[B@4f6ee6e4,2014-09-25 23:30:21.0
79,1551 Rampur Lane,,Changhwa,108,72394,251164340471,[B@4466af20,2014-09-25 23:33:14.0
80,602 Paarl Street,,Pavlodar,402,98889,896314772871,[B@a514af7,2014-09-25 23:31:55.0
81,1692 Ede Loop,,So Paulo,30,9223,918711376618,[B@6b927fb,2014-09-25 23:30:16.0
82,936 Salzburg Lane,,Uttar Pradesh,425,96709,875756771675,[B@3e58a80e,2014-09-25 23:31:24.0
83,586 Tete Way,,Kanagawa,256,1079,18581624103,[B@4fb61f4a,2014-09-25 23:31:48.0
84,1888 Kabul Drive,,Oyo & Osun,217,20936,701457319790,[B@4fb0f2b9,2014-09-25 23:32:24.0
85,320 Baiyin Parkway,,Mahajanga,319,37307,223664661973,[B@79924b,2014-09-25 23:31:59.0
86,927 Baha Blanca Parkway,,Krim,479,9495,821972242086,[B@7b9a4292,2014-09-25 23:33:33.0
87,929 Tallahassee Loop,,Gauteng,497,74671,800716535041,[B@4a94ee4,2014-09-25 23:33:06.0
88,125 Citt del Vaticano Boulevard,,Puebla,40,67912,48417642933,[B@4cc451f2,2014-09-25 23:32:02.0
89,1557 Ktahya Boulevard,,England,88,88002,720998247660,[B@6379eb,2014-09-25 23:33:36.0
90,870 Ashqelon Loop,,Songkhla,489,84931,135117278909,[B@294425a7,2014-09-25 23:33:20.0
91,1740 Portoviejo Avenue,,Sucre,480,29932,198123170793,[B@67d48005,2014-09-25 23:30:53.0
92,1942 Ciparay Parkway,,Cheju,113,82624,978987363654,[B@9f116cc,2014-09-25 23:33:06.0
93,1926 El Alto Avenue,,Buenos Aires,289,75543,846225459260,[B@12468a38,2014-09-25 23:30:05.0
94,1952 Chatsworth Drive,,Guangdong,332,25958,991562402283,[B@1aa7ecca,2014-09-25 23:30:40.0
95,1370 Le Mans Avenue,,Brunei and Muara,53,52163,345679835036,[B@59309333,2014-09-25 23:30:23.0
96,984 Effon-Alaiye Avenue,,Gois,183,17119,132986892228,[B@5876a9af,2014-09-25 23:30:17.0
97,832 Nakhon Sawan Manor,,Inner Mongolia,592,49021,275595571388,[B@7ec7ffd3,2014-09-25 23:30:50.0
98,152 Kitwe Parkway,,Caraga,82,53182,835433605312,[B@5b239d7d,2014-09-25 23:32:35.0
99,1697 Tanauan Lane,,Punjab,399,22870,4764773857,[B@6572421,2014-09-25 23:31:22.0
100,1308 Arecibo Way,,Georgia,41,30695,6171054059,[B@6b81ce95,2014-09-25 23:33:43.0
101,1599 Plock Drive,,Tete,534,71986,817248913162,[B@2a798d51,2014-09-25 23:32:18.0
102,669 Firozabad Loop,,Abu Dhabi,12,92265,412903167998,[B@6d763516,2014-09-25 23:33:35.0
103,588 Vila Velha Manor,,Kyongsangbuk,268,51540,333339908719,[B@52bf72b5,2014-09-25 23:33:07.0
104,1913 Kamakura Place,,Lipetsk,238,97287,942570536750,[B@37afeb11,2014-09-25 23:32:49.0
105,733 Mandaluyong Place,,Asir,2,77459,196568435814,[B@515aebb0,2014-09-25 23:32:59.0
106,659 Vaduz Drive,,Ha Darom,34,49708,709935135487,[B@dd8ba08,2014-09-25 23:31:40.0
107,1177 Jelets Way,,Kwara & Kogi,220,3305,484292626944,[B@245b4bdc,2014-09-25 23:32:24.0
108,1386 Yangor Avenue,,Provence-Alpes-Cte,543,80720,449216226468,[B@6c64cb25,2014-09-25 23:31:01.0
109,454 Nakhon Sawan Boulevard,,Funafuti,173,76383,963887147572,[B@6ae5aa72,2014-09-25 23:33:31.0
110,1867 San Juan Bautista Tuxtepec Avenue,,Ivanovo,225,78311,547003310357,[B@222545dc,2014-09-25 23:32:48.0
111,1532 Dzerzinsk Way,,Buenos Aires,334,9599,330838016880,[B@5c5eefef,2014-09-25 23:30:06.0
112,1002 Ahmadnagar Manor,,Mxico,213,93026,371490777743,[B@16293aa2,2014-09-25 23:32:07.0
113,682 Junan Way,,North West,273,30418,622255216127,[B@5158b42f,2014-09-25 23:33:04.0
114,804 Elista Drive,,Hubei,159,61069,379804592943,[B@595b007d,2014-09-25 23:30:33.0
115,1378 Alvorada Avenue,,Distrito Federal,102,75834,272234298332,[B@72d1ad2e,2014-09-25 23:34:03.0
116,793 Cam Ranh Avenue,,California,292,87057,824370924746,[B@2d7275fc,2014-09-25 23:33:55.0
117,1079 Tel Aviv-Jaffa Boulevard,,Sucre,132,10885,358178933857,[B@399f45b1,2014-09-25 23:34:04.0
118,442 Rae Bareli Place,,Nordrhein-Westfalen,148,24321,886636413768,[B@38c6f217,2014-09-25 23:31:04.0
119,1107 Nakhon Sawan Avenue,,Mxico,365,75149,867546627903,[B@478190fc,2014-09-25 23:32:11.0
120,544 Malm Parkway,,Central Java,403,63502,386759646229,[B@79e2c065,2014-09-25 23:31:34.0
121,1967 Sincelejo Place,,Gujarat,176,73644,577812616052,[B@3a93b025,2014-09-25 23:31:16.0
122,333 Goinia Way,,Texas,185,78625,909029256431,[B@35cabb2a,2014-09-25 23:33:51.0
123,1987 Coacalco de Berriozbal Loop,,al-Qalyubiya,476,96065,787654415858,[B@7e07db1f,2014-09-25 23:30:58.0
124,241 Mosul Lane,,Risaralda,147,76157,765345144779,[B@1189dd52,2014-09-25 23:30:52.0
125,211 Chiayi Drive,,Uttar Pradesh,164,58186,665993880048,[B@36bc55de,2014-09-25 23:31:15.0
126,1175 Tanauan Way,,Lima,305,64615,937222955822,[B@564fabc8,2014-09-25 23:32:33.0
127,117 Boa Vista Way,,Uttar Pradesh,566,6804,677976133614,[B@16d04d3d,2014-09-25 23:31:29.0
128,848 Tafuna Manor,,Ktahya,281,45142,614935229095,[B@49ec71f8,2014-09-25 23:33:27.0
129,569 Baicheng Lane,,Gauteng,85,60304,490211944645,[B@1d2adfbe,2014-09-25 23:33:02.0
130,1666 Qomsheh Drive,,So Paulo,410,66255,582835362905,[B@36902638,2014-09-25 23:30:20.0
131,801 Hagonoy Drive,,Smolensk,484,8439,237426099212,[B@223d2c72,2014-09-25 23:32:57.0
132,1050 Garden Grove Avenue,,Slaskie,236,4999,973047364353,[B@8f4ea7c,2014-09-25 23:32:42.0
133,1854 Tieli Street,,Shandong,302,15819,509492324775,[B@436813f3,2014-09-25 23:30:39.0
134,758 Junan Lane,,Gois,190,82639,935448624185,[B@74fe5c40,2014-09-25 23:30:18.0
135,1752 So Leopoldo Parkway,,Taka-Karpatia,345,14014,252265130067,[B@3febb011,2014-09-25 23:33:32.0
136,898 Belm Manor,,Free State,87,49757,707169393853,[B@10e31a9a,2014-09-25 23:33:02.0
137,261 Saint Louis Way,,Coahuila de Zaragoza,541,83401,321944036800,[B@131774fe,2014-09-25 23:32:13.0
138,765 Southampton Drive,,al-Qalyubiya,421,4285,23712411567,[B@158d2680,2014-09-25 23:30:57.0
139,943 Johannesburg Avenue,,Maharashtra,417,5892,90921003005,[B@77847718,2014-09-25 23:31:24.0
140,788 Atinsk Street,,Karnataka,211,81691,146497509724,[B@7f3b84b8,2014-09-25 23:31:17.0
141,1749 Daxian Place,,Gelderland,29,11044,963369996279,[B@57a3af25,2014-09-25 23:32:20.0
142,1587 Sullana Lane,,Inner Mongolia,207,85769,468060467018,[B@2b662a77,2014-09-25 23:30:35.0
143,1029 Dzerzinsk Manor,,Ynlin,542,57519,33173584456,[B@7f0eb4b4,2014-09-25 23:33:16.0
144,1666 Beni-Mellal Place,,Tennessee,123,13377,9099941466,[B@5c33f1a9,2014-09-25 23:33:48.0
145,928 Jaffna Loop,,Hiroshima,172,93762,581852137991,[B@1623b78d,2014-09-25 23:31:45.0
146,483 Ljubertsy Parkway,,Scotland,149,60562,581174211853,[B@c8c12ac,2014-09-25 23:33:36.0
147,374 Bat Yam Boulevard,,Kilis,266,97700,923261616249,[B@6adbc9d,2014-09-25 23:33:26.0
148,1027 Songkhla Manor,,Minsk,340,30861,563660187896,[B@4550bb58,2014-09-25 23:30:13.0
149,999 Sanaa Loop,,Gauteng,491,3439,918032330119,[B@4ec4f3a0,2014-09-25 23:33:05.0
150,879 Newcastle Way,,Michigan,499,90732,206841104594,[B@223191a6,2014-09-25 23:34:01.0
151,1337 Lincoln Parkway,,Saitama,555,99457,597815221267,[B@49139829,2014-09-25 23:31:55.0
152,1952 Pune Lane,,Saint-Denis,442,92150,354615066969,[B@9597028,2014-09-25 23:32:46.0
153,782 Mosul Street,,Massachusetts,94,25545,885899703621,[B@6069db50,2014-09-25 23:33:46.0
154,781 Shimonoseki Drive,,Michoacn de Ocampo,202,95444,632316273199,[B@4efbca5a,2014-09-25 23:32:06.0
155,1560 Jelets Boulevard,,Shandong,291,77777,189446090264,[B@1b7cc17c,2014-09-25 23:30:38.0
156,1963 Moscow Place,,Assam,354,64863,761379480249,[B@59662a0b,2014-09-25 23:31:21.0
157,456 Escobar Way,,Jakarta Raya,232,36061,719202533520,[B@77fbd92c,2014-09-25 23:31:33.0
158,798 Cianjur Avenue,,Shanxi,590,76990,499408708580,[B@67c27493,2014-09-25 23:30:49.0
159,185 Novi Sad Place,,Bern,72,41778,904253967161,[B@1a482e36,2014-09-25 23:33:13.0
160,1367 Yantai Manor,,Ondo & Ekiti,381,21294,889538496300,[B@72967906,2014-09-25 23:32:26.0
161,1386 Nakhon Sawan Boulevard,,Pyongyang-si,420,53502,368899174225,[B@5b8dfcc1,2014-09-25 23:32:28.0
162,369 Papeete Way,,North Carolina,187,66639,170117068815,[B@2f9f7dcf,2014-09-25 23:33:52.0
163,1440 Compton Place,,North Austria,307,81037,931059836497,[B@747ddf94,2014-09-25 23:30:10.0
164,1623 Baha Blanca Manor,,Moskova,310,81511,149981248346,[B@35e2d654,2014-09-25 23:32:54.0
165,97 Shimoga Avenue,,Tel Aviv,533,44660,177167004331,[B@1bd4fdd,2014-09-25 23:31:41.0
166,1740 Le Mans Loop,,Pays de la Loire,297,22853,168476538960,[B@55183b20,2014-09-25 23:31:01.0
167,1287 Xiangfan Boulevard,,Gifu,253,57844,819416131190,[B@4f83df68,2014-09-25 23:31:48.0
168,842 Salzburg Lane,,Adana,529,3313,697151428760,[B@6cf0e0ba,2014-09-25 23:33:29.0
169,154 Tallahassee Loop,,Xinxiang,199,62250,935508855935,[B@7d8995e,2014-09-25 23:30:34.0
170,710 San Felipe del Progreso Avenue,,Lilongwe,304,76901,843801144113,[B@130d63be,2014-09-25 23:31:59.0
171,1540 Wroclaw Drive,,Maharashtra,107,62686,182363341674,[B@42a48628,2014-09-25 23:31:14.0
172,475 Atinsk Way,,Gansu,240,59571,201705577290,[B@293a5bf6,2014-09-25 23:30:36.0
173,1294 Firozabad Drive,,Jiangxi,407,70618,161801569569,[B@6aeb35e6,2014-09-25 23:30:40.0
174,1877 Ezhou Lane,,Rajasthan,550,63337,264541743403,[B@1283bb96,2014-09-25 23:31:28.0
175,316 Uruapan Street,,Perak,223,58194,275788967899,[B@74f0ea28,2014-09-25 23:31:59.0
176,29 Pyongyang Loop,,Batman,58,47753,734780743462,[B@f6efaab,2014-09-25 23:33:23.0
177,1010 Klerksdorp Way,,Steiermark,186,6802,493008546874,[B@3c19aaa5,2014-09-25 23:30:10.0
178,1848 Salala Boulevard,,Miranda,373,25220,48265851133,[B@3349e9bb,2014-09-25 23:34:04.0
179,431 Xiangtan Avenue,,Kerala,18,4854,230250973122,[B@409bf450,2014-09-25 23:31:10.0
180,757 Rustenburg Avenue,,Skikda,483,89668,506134035434,[B@38d8f54a,2014-09-25 23:30:01.0
181,146 Johannesburg Way,,Tamaulipas,330,54132,953689007081,[B@49e53c76,2014-09-25 23:32:09.0
182,1891 Rizhao Boulevard,,So Paulo,456,47288,391065549876,[B@351d00c0,2014-09-25 23:30:21.0
183,1089 Iwatsuki Avenue,,Kirov,270,35109,866092335135,[B@2a3b5b47,2014-09-25 23:32:50.0
184,1410 Benin City Parkway,,Risaralda,405,29747,104150372603,[B@55b699ef,2014-09-25 23:30:52.0
185,682 Garden Grove Place,,Tennessee,333,67497,72136330362,[B@35d019a3,2014-09-25 23:33:57.0
186,533 al-Ayn Boulevard,,California,126,8862,662227486184,[B@689604d9,2014-09-25 23:33:48.0
187,1839 Szkesfehrvr Parkway,,Gois,317,55709,947468818183,[B@18078bef,2014-09-25 23:30:20.0
188,741 Ambattur Manor,,Noord-Brabant,438,43310,302590383819,[B@799f10e1,2014-09-25 23:32:21.0
189,927 Barcelona Street,,Chaharmahal va Bakht,467,65121,951486492670,[B@4c371370,2014-09-25 23:31:38.0
190,435 0 Way,,West Bengali,195,74750,760171523969,[B@145f66e3,2014-09-25 23:31:16.0
191,140 Chiayi Parkway,,Sumy,506,38982,855863906434,[B@3023df74,2014-09-25 23:33:34.0
192,1166 Changhwa Street,,Caraga,62,58852,650752094490,[B@313ac989,2014-09-25 23:32:34.0
193,891 Novi Sad Manor,,Ontario,383,5379,247646995453,[B@4562e04d,2014-09-25 23:30:28.0
194,605 Rio Claro Parkway,,Tabora,513,49348,352469351088,[B@2a65fe7c,2014-09-25 23:33:18.0
195,1077 San Felipe de Puerto Plata Place,,Rostov-na-Donu,369,65387,812824036424,[B@4135c3b,2014-09-25 23:32:56.0
196,9 San Miguel de Tucumn Manor,,Uttar Pradesh,169,90845,956188728558,[B@6302bbb1,2014-09-25 23:31:15.0
197,447 Surakarta Loop,,Nyanza,271,10428,940830176580,[B@31304f14,2014-09-25 23:31:56.0
198,345 Oshawa Boulevard,,Tokyo-to,204,32114,104491201771,[B@34a3d150,2014-09-25 23:31:45.0
199,1792 Valle de la Pascua Place,,Nordrhein-Westfalen,477,15540,419419591240,[B@2a4fb17b,2014-09-25 23:31:06.0
200,1074 Binzhou Manor,,Baden-Wrttemberg,325,36490,331132568928,[B@5c6648b0,2014-09-25 23:31:05.0
201,817 Bradford Loop,,Jiangsu,109,89459,264286442804,[B@6f1de4c7,2014-09-25 23:30:31.0
202,955 Bamenda Way,,Ondo & Ekiti,218,1545,768481779568,[B@459e9125,2014-09-25 23:32:24.0
203,1149 A Corua (La Corua) Boulevard,,Haiphong,194,95824,470884141195,[B@128d2484,2014-09-25 23:34:06.0
204,387 Mwene-Ditu Drive,,Ahal,35,8073,764477681869,[B@7cc0cdad,2014-09-25 23:33:30.0
205,68 Molodetno Manor,,Nordrhein-Westfalen,575,4662,146640639760,[B@7c7b252e,2014-09-25 23:31:06.0
206,642 Nador Drive,,Maharashtra,77,3924,369050085652,[B@4d5d943d,2014-09-25 23:31:13.0
207,1688 Nador Lane,,Sulawesi Utara,184,61613,652218196731,[B@368f2016,2014-09-25 23:31:32.0
208,1215 Pyongyang Parkway,,Usak,557,25238,646237101779,[B@4c583ecf,2014-09-25 23:33:30.0
209,1679 Antofagasta Street,,Alto Paran,122,86599,905903574913,[B@692f203f,2014-09-25 23:32:32.0
210,1304 s-Hertogenbosch Way,,Santa Catarina,83,10925,90336226227,[B@48f2bd5b,2014-09-25 23:30:16.0
211,850 Salala Loop,,Kitaa,371,10800,403404780639,[B@7b2bbc3,2014-09-25 23:31:07.0
212,624 Oshawa Boulevard,,West Bengali,51,89959,49677664184,[B@a1153bc,2014-09-25 23:31:11.0
213,43 Dadu Avenue,,Rajasthan,74,4855,95666951770,[B@1aafa419,2014-09-25 23:31:12.0
214,751 Lima Loop,,Aden,7,99405,756460337785,[B@47eaca72,2014-09-25 23:34:08.0
215,1333 Haldia Street,,Jilin,174,82161,408304391718,[B@55141def,2014-09-25 23:30:33.0
216,660 Jedda Boulevard,,Washington,65,25053,168758068397,[B@55182842,2014-09-25 23:33:45.0
217,1001 Miyakonojo Lane,,Taizz,518,67924,584316724815,[B@3270d194,2014-09-25 23:34:11.0
218,226 Brest Manor,,California,508,2299,785881412500,[B@235834f2,2014-09-25 23:34:02.0
219,1229 Valencia Parkway,,Haskovo,498,99124,352679173732,[B@5656be13,2014-09-25 23:30:24.0
220,1201 Qomsheh Manor,,Gois,28,21464,873492228462,[B@4218d6a3,2014-09-25 23:30:15.0
221,866 Shivapuri Manor,,Uttar Pradesh,448,22474,778502731092,[B@76505305,2014-09-25 23:31:26.0
222,1168 Najafabad Parkway,,Kabol,251,40301,886649065861,[B@14cd1699,2014-09-25 23:29:59.0
223,1244 Allappuzha (Alleppey) Place,,Buenos Aires,567,20657,991802825778,[B@77888435,2014-09-25 23:30:08.0
224,1842 Luzinia Boulevard,,Zanzibar West,593,94420,706878974831,[B@73a1e9a9,2014-09-25 23:33:19.0
225,1926 Gingoog Street,,Sisilia,511,22824,469738825391,[B@71d44a3,2014-09-25 23:31:44.0
226,810 Palghat (Palakkad) Boulevard,,Jaroslavl,235,73431,516331171356,[B@7b98f307,2014-09-25 23:32:49.0
227,1820 Maring Parkway,,Punjab,324,88307,99760893676,[B@4802796d,2014-09-25 23:32:30.0
228,60 Poos de Caldas Street,,Rajasthan,243,82338,963063788669,[B@34123d65,2014-09-25 23:31:18.0
229,1014 Loja Manor,,Tamil Nadu,22,66851,460795526514,[B@59474f18,2014-09-25 23:31:10.0
230,201 Effon-Alaiye Way,,Asuncin,37,64344,684192903087,[B@65fb9ffc,2014-09-25 23:32:31.0
231,430 Alessandria Loop,,Saarland,439,47446,669828224459,[B@3e694b3f,2014-09-25 23:31:06.0
232,754 Valencia Place,,Phnom Penh,406,87911,594319417514,[B@1bb5a082,2014-09-25 23:30:25.0
233,356 Olomouc Manor,,Gois,26,93323,22326410776,[B@78691363,2014-09-25 23:30:15.0
234,1256 Bislig Boulevard,,Botosani,86,50598,479007229460,[B@41d477ed,2014-09-25 23:32:46.0
235,954 Kimchon Place,,West Bengali,559,42420,541327526474,[B@3590fc5b,2014-09-25 23:31:28.0
236,885 Yingkou Manor,,Kaduna,596,31390,588964509072,[B@397fbdb,2014-09-25 23:32:28.0
237,1736 Cavite Place,,Qina,216,98775,431770603551,[B@33d512c1,2014-09-25 23:30:56.0
238,346 Skikda Parkway,,Hawalli,233,90628,630424482919,[B@515c6049,2014-09-25 23:31:57.0
239,98 Stara Zagora Boulevard,,Valle,96,76448,610173756082,[B@639c2c1d,2014-09-25 23:30:51.0
240,1479 Rustenburg Boulevard,,Southern Tagalog,527,18727,727785483194,[B@5fe94a96,2014-09-25 23:32:40.0
241,647 A Corua (La Corua) Street,,Chollanam,357,36971,792557457753,[B@443118b0,2014-09-25 23:33:07.0
242,1964 Gijn Manor,,Karnataka,473,14408,918119601885,[B@765d7657,2014-09-25 23:31:26.0
243,47 Syktyvkar Lane,,West Java,118,22236,63937119031,[B@74235045,2014-09-25 23:31:31.0
244,1148 Saarbrcken Parkway,,Fukushima,226,1921,137773001988,[B@618b19ad,2014-09-25 23:31:47.0
245,1103 Bilbays Parkway,,Hubei,578,87660,279979529227,[B@2d3379b4,2014-09-25 23:30:45.0
246,1246 Boksburg Parkway,,Hebei,422,28349,890283544295,[B@30c15d8b,2014-09-25 23:30:41.0
247,1483 Pathankot Street,,Tucumn,454,37288,686015532180,[B@5e0e82ae,2014-09-25 23:30:06.0
248,582 Papeete Loop,,Central Visayas,294,27722,569868543137,[B@6771beb3,2014-09-25 23:32:38.0
249,300 Junan Street,,Kyonggi,553,81314,890289150158,[B@51399530,2014-09-25 23:33:08.0
250,829 Grand Prairie Way,,Paran,328,6461,741070712873,[B@6b2ea799,2014-09-25 23:30:20.0
251,1473 Changhwa Parkway,,Mxico,124,75933,266798132374,[B@411f53a0,2014-09-25 23:32:03.0
252,1309 Weifang Street,,Florida,520,57338,435785045362,[B@2b71e916,2014-09-25 23:34:02.0
253,1760 Oshawa Manor,,Tianjin,535,38140,56257502250,[B@36fc695d,2014-09-25 23:30:43.0
254,786 Stara Zagora Way,,Oyo & Osun,390,98332,716256596301,[B@28701274,2014-09-25 23:32:27.0
255,1966 Tonghae Street,,Anhalt Sachsen,198,36481,567359279425,[B@13c9d689,2014-09-25 23:31:05.0
256,1497 Yuzhou Drive,,England,312,3433,246810237916,[B@3754a4bf,2014-09-25 23:33:37.0
258,752 Ondo Loop,,Miyazaki,338,32474,134673576619,[B@62379589,2014-09-25 23:31:50.0
259,1338 Zalantun Lane,,Minas Gerais,413,45403,840522972766,[B@4afcd809,2014-09-25 23:30:21.0
260,127 Iwakuni Boulevard,,Central Luzon,192,20777,987442542471,[B@175c2241,2014-09-25 23:32:37.0
261,51 Laredo Avenue,,Sagaing,342,68146,884536620568,[B@5bf0d49,2014-09-25 23:32:18.0
262,771 Yaound Manor,,Sofala,64,86768,245477603573,[B@5b7a5baa,2014-09-25 23:32:17.0
263,532 Toulon Street,,Santiago,460,69517,46871694740,[B@776aec5c,2014-09-25 23:30:55.0
264,1027 Banjul Place,,West Bengali,197,50390,538241037443,[B@1d296da,2014-09-25 23:31:16.0
265,1158 Mandi Bahauddin Parkway,,Shanxi,136,98484,276555730211,[B@7c7a06ec,2014-09-25 23:30:32.0
266,862 Xintai Lane,,Cagayan Valley,548,30065,265153400632,[B@75d4a5c2,2014-09-25 23:32:41.0
267,816 Cayenne Parkway,,Manab,414,93629,282874611748,[B@557caf28,2014-09-25 23:30:56.0
268,1831 Nam Dinh Loop,,National Capital Reg,323,51990,322888976727,[B@408d971b,2014-09-25 23:32:38.0
269,446 Kirovo-Tepetsk Lane,,Osaka,203,19428,303967439816,[B@6c6cb480,2014-09-25 23:31:45.0
270,682 Halisahar Place,,Severn Morava,378,20536,475553436330,[B@3c46e67a,2014-09-25 23:30:54.0
271,1587 Loja Manor,,Salzburg,447,5410,621625204422,[B@c730b35,2014-09-25 23:30:10.0
272,1762 Paarl Parkway,,Hunan,298,53928,192459639410,[B@206a70ef,2014-09-25 23:30:39.0
273,1519 Ilorin Place,,Kerala,395,49298,357445645426,[B@292b08d6,2014-09-25 23:31:21.0
274,920 Kumbakonam Loop,,California,446,75090,685010736240,[B@22555ebf,2014-09-25 23:34:00.0
275,906 Goinia Way,,Wielkopolskie,255,83565,701767622697,[B@36ebc363,2014-09-25 23:32:42.0
276,1675 Xiangfan Manor,,Tamil Nadu,283,11763,271149517630,[B@45752059,2014-09-25 23:31:20.0
277,85 San Felipe de Puerto Plata Drive,,Shandong,584,46063,170739645687,[B@34e9fd99,2014-09-25 23:30:48.0
278,144 South Hill Loop,,Guanajuato,445,2012,45387294817,[B@3c41ed1d,2014-09-25 23:32:11.0
279,1884 Shikarpur Avenue,,Haryana,263,85548,959949395183,[B@54d9d12d,2014-09-25 23:31:19.0
280,1980 Kamjanets-Podilskyi Street,,Illinois,404,89502,874337098891,[B@38425407,2014-09-25 23:33:57.0
281,1944 Bamenda Way,,Michigan,573,24645,75975221996,[B@43bc63a3,2014-09-25 23:34:03.0
282,556 Baybay Manor,,Oyo & Osun,374,55802,363982224739,[B@702657cc,2014-09-25 23:32:25.0
283,457 Tongliao Loop,,Bursa,222,56254,880756161823,[B@6a6cb05c,2014-09-25 23:33:25.0
284,600 Bradford Street,,East Azerbaidzan,514,96204,117592274996,[B@40a4337a,2014-09-25 23:31:40.0
285,1006 Santa Brbara dOeste Manor,,Ondo & Ekiti,389,36229,85059738746,[B@6025e1b6,2014-09-25 23:32:26.0
286,1308 Sumy Loop,,Fujian,175,30657,583021225407,[B@22ff4249,2014-09-25 23:30:34.0
287,1405 Chisinau Place,,Ponce,411,8160,62781725285,[B@2d1ef81a,2014-09-25 23:32:45.0
288,226 Halifax Street,,Xinxiang,277,58492,790651020929,[B@4c402120,2014-09-25 23:30:38.0
289,1279 Udine Parkway,,Edo & Delta,69,75860,195003555232,[B@327514f,2014-09-25 23:32:23.0
290,1336 Benin City Drive,,Shiga,386,46044,341242939532,[B@5b12b668,2014-09-25 23:31:53.0
291,1155 Liaocheng Place,,Oyo & Osun,152,22650,558236142492,[B@1165b38,2014-09-25 23:32:23.0
292,1993 Tabuk Lane,,Tamil Nadu,522,64221,648482415405,[B@4c12331b,2014-09-25 23:31:27.0
293,86 Higashiosaka Lane,,Guanajuato,563,33768,957128697225,[B@7586beff,2014-09-25 23:32:14.0
294,1912 Allende Manor,,Kowloon and New Kowl,279,58124,172262454487,[B@3b69e7d1,2014-09-25 23:31:09.0
295,544 Tarsus Boulevard,,Gurico,562,53145,892523334,[B@815b41f,2014-09-25 23:34:05.0
296,1936 Cuman Avenue,,Virginia,433,61195,976798660411,[B@5542c4ed,2014-09-25 23:33:58.0
297,1192 Tongliao Street,,Sharja,470,19065,350970907017,[B@1573f9fc,2014-09-25 23:33:35.0
298,44 Najafabad Way,,Baskimaa,146,61391,96604821070,[B@6150c3ec,2014-09-25 23:33:08.0
299,32 Pudukkottai Lane,,Ohio,140,38834,967274728547,[B@44c03695,2014-09-25 23:33:49.0
300,661 Chisinau Lane,,Pietari,274,8856,816436065431,[B@7e6f74c,2014-09-25 23:32:51.0
301,951 Stara Zagora Manor,,Punjab,400,98573,429925609431,[B@dd05255,2014-09-25 23:31:22.0
302,922 Vila Velha Loop,,Maharashtra,9,4085,510737228015,[B@6a78afa0,2014-09-25 23:31:10.0
303,898 Jining Lane,,Pohjois-Pohjanmaa,387,40070,161643343536,[B@2f4948e4,2014-09-25 23:31:00.0
304,1635 Kuwana Boulevard,,Hiroshima,205,52137,710603868323,[B@1f2586d6,2014-09-25 23:31:46.0
305,41 El Alto Parkway,,Maharashtra,398,56883,51917807050,[B@10683d9d,2014-09-25 23:31:22.0
306,1883 Maikop Lane,,Kaliningrad,254,68469,96110042435,[B@3fc2959f,2014-09-25 23:32:50.0
307,1908 Gaziantep Place,,Liaoning,536,58979,108053751300,[B@5aa9e4eb,2014-09-25 23:30:43.0
308,687 Alessandria Parkway,,Sanaa,455,57587,407218522294,[B@6989da5e,2014-09-25 23:34:10.0
309,827 Yuncheng Drive,,Callao,99,79047,504434452842,[B@385c9627,2014-09-25 23:32:32.0
310,913 Coacalco de Berriozbal Loop,,Texas,33,42141,262088367001,[B@139982de,2014-09-25 23:33:43.0
311,715 So Bernardo do Campo Lane,,Kedah,507,84804,181179321332,[B@682b2fa,2014-09-25 23:32:00.0
312,1354 Siegen Street,,Rio de Janeiro,25,80184,573441801529,[B@217ed35e,2014-09-25 23:30:15.0
313,1191 Sungai Petani Boulevard,,Missouri,262,9668,983259819766,[B@7dcf94f8,2014-09-25 23:33:54.0
314,1224 Huejutla de Reyes Boulevard,,Lombardia,91,70923,806016930576,[B@229f66ed,2014-09-25 23:31:43.0
315,543 Bergamo Avenue,,Minas Gerais,215,59686,103602195112,[B@31190526,2014-09-25 23:30:18.0
316,746 Joliet Lane,,Kursk,286,94878,688485191923,[B@662ac478,2014-09-25 23:32:52.0
317,780 Kimberley Way,,Tabuk,515,17032,824396883951,[B@6743e411,2014-09-25 23:33:00.0
318,1774 Yaound Place,,Hubei,166,91400,613124286867,[B@3eb25e1a,2014-09-25 23:30:33.0
319,1957 Yantai Lane,,So Paulo,490,59255,704948322302,[B@477b4cdf,2014-09-25 23:30:22.0
320,1542 Lubumbashi Boulevard,,Tel Aviv,57,62472,508800331065,[B@77c2494c,2014-09-25 23:31:41.0
321,651 Pathankot Loop,,Maharashtra,336,59811,139378397418,[B@f5958c9,2014-09-25 23:31:20.0
322,1359 Zhoushan Parkway,,Streymoyar,545,29763,46568045367,[B@233795b6,2014-09-25 23:30:59.0
323,1769 Iwaki Lane,,Kujawsko-Pomorskie,97,25787,556100547674,[B@3eb738bb,2014-09-25 23:32:41.0
324,1145 Vilnius Manor,,Mxico,451,73170,674805712553,[B@5bda8e08,2014-09-25 23:32:12.0
325,1892 Nabereznyje Telny Lane,,Tutuila,516,28396,478229987054,[B@1e800aaa,2014-09-25 23:30:02.0
326,470 Boksburg Street,,Central,81,97960,908029859266,[B@185a6e9,2014-09-25 23:32:19.0
327,1427 A Corua (La Corua) Place,,Buenos Aires,45,85799,972574862516,[B@6f03482,2014-09-25 23:30:04.0
328,479 San Felipe del Progreso Avenue,,Morelos,130,54949,869051782691,[B@9d5509a,2014-09-25 23:32:04.0
329,867 Benin City Avenue,,Henan,591,78543,168884817145,[B@179ece50,2014-09-25 23:30:50.0
330,981 Kumbakonam Place,,Distrito Federal,89,87611,829116184079,[B@3b0090a4,2014-09-25 23:30:17.0
331,1016 Iwakuni Street,,St George,269,49833,961370847344,[B@3cd3e762,2014-09-25 23:32:59.0
332,663 Baha Blanca Parkway,,Adana,5,33463,834418779292,[B@1fa121e2,2014-09-25 23:33:22.0
333,1860 Taguig Loop,,West Java,119,59550,38158430589,[B@7eac9008,2014-09-25 23:31:32.0
334,1816 Bydgoszcz Loop,,Dhaka,234,64308,965273813662,[B@4116aac9,2014-09-25 23:30:12.0
335,587 Benguela Manor,,Illinois,42,91590,165450987037,[B@62ddbd7e,2014-09-25 23:33:44.0
336,430 Kumbakonam Drive,,Santa F,457,28814,105470691550,[B@74e52ef6,2014-09-25 23:30:07.0
337,1838 Tabriz Lane,,Dhaka,143,1195,38988715447,[B@6ed3ccb2,2014-09-25 23:30:12.0
338,431 Szkesfehrvr Avenue,,Baki,48,57828,119501405123,[B@1a677343,2014-09-25 23:30:11.0
339,503 Sogamoso Loop,,Sumqayit,505,49812,834626715837,[B@15de0b3c,2014-09-25 23:30:11.0
340,507 Smolensk Loop,,Sousse,492,22971,80303246192,[B@489115ef,2014-09-25 23:33:21.0
341,1920 Weifang Avenue,,Uttar Pradesh,427,15643,869507847714,[B@3857f613,2014-09-25 23:31:25.0
342,124 al-Manama Way,,Hiroshima,382,52368,647899404952,[B@198b6731,2014-09-25 23:31:52.0
343,1443 Mardan Street,,Western Cape,392,31483,231383037471,[B@7c6908d7,2014-09-25 23:33:05.0
344,1909 Benguela Lane,,Henan,581,19913,624138001031,[B@3c9754d8,2014-09-25 23:30:47.0
345,68 Ponce Parkway,,Hanoi,201,85926,870635127812,[B@3bf7ca37,2014-09-25 23:34:06.0
346,1217 Konotop Avenue,,Gelderland,151,504,718917251754,[B@79079097,2014-09-25 23:32:20.0
347,1293 Nam Dinh Way,,Roraima,84,71583,697656479977,[B@4d1c00d0,2014-09-25 23:30:17.0
348,785 Vaduz Street,,Baja California,335,36170,895616862749,[B@4b2bac3f,2014-09-25 23:32:10.0
349,1516 Escobar Drive,,Tongatapu,370,46069,64536069371,[B@4e08711f,2014-09-25 23:33:20.0
350,1628 Nagareyama Lane,,Central,453,60079,20064292617,[B@bcec361,2014-09-25 23:32:32.0
351,1157 Nyeri Loop,,Adygea,320,56380,262744791493,[B@26794848,2014-09-25 23:32:55.0
352,1673 Tangail Drive,,Daugavpils,137,26857,627924259271,[B@302552ec,2014-09-25 23:31:57.0
353,381 Kabul Way,,Taipei,209,87272,55477302294,[B@3d285d7e,2014-09-25 23:33:15.0
354,953 Hodeida Street,,Southern Tagalog,221,18841,53912826864,[B@40005471,2014-09-25 23:32:37.0
355,469 Nakhon Sawan Street,,Tuvassia,531,58866,689199636560,[B@2cd76f31,2014-09-25 23:32:58.0
356,1378 Beira Loop,,Krasnojarsk,597,40792,840957664136,[B@367ffa75,2014-09-25 23:32:58.0
357,1641 Changhwa Place,,Nord-Ouest,52,37636,256546485220,[B@49438269,2014-09-25 23:30:25.0
358,1698 Southport Loop,,Hidalgo,393,49009,754358349853,[B@ba2f4ec,2014-09-25 23:32:11.0
359,519 Nyeri Manor,,So Paulo,461,37650,764680915323,[B@1c1bbc4e,2014-09-25 23:30:21.0
360,619 Hunuco Avenue,,Shimane,331,81508,142596392389,[B@55fe41ea,2014-09-25 23:31:50.0
361,45 Aparecida de Goinia Place,,Madhya Pradesh,464,7431,650496654258,[B@fbd1f6,2014-09-25 23:31:26.0
362,482 Kowloon and New Kowloon Manor,,Bratislava,90,97056,738968474939,[B@1ce24091,2014-09-25 23:33:02.0
363,604 Bern Place,,Jharkhand,429,5373,620719383725,[B@5dda768f,2014-09-25 23:31:25.0
364,1623 Kingstown Drive,,Buenos Aires,20,91299,296394569728,[B@7a8c8dcf,2014-09-25 23:30:04.0
365,1009 Zanzibar Lane,,Arecibo,32,64875,102396298916,[B@24269709,2014-09-25 23:32:45.0
366,114 Jalib al-Shuyukh Manor,,Centre,585,60440,845378657301,[B@2aceadd4,2014-09-25 23:30:25.0
367,1163 London Parkway,,Par,66,6066,675120358494,[B@24aed80c,2014-09-25 23:30:16.0
368,1658 Jastrzebie-Zdrj Loop,,Central,372,96584,568367775448,[B@3a52dba3,2014-09-25 23:31:56.0
369,817 Laredo Avenue,,Jalisco,188,77449,151249681135,[B@2a5c8d3f,2014-09-25 23:32:06.0
370,1565 Tangail Manor,,Okinawa,377,45750,634445428822,[B@752325ad,2014-09-25 23:31:52.0
371,1912 Emeishan Drive,,Balikesir,50,33050,99883471275,[B@279fedbd,2014-09-25 23:33:22.0
372,230 Urawa Drive,,Andhra Pradesh,8,2738,166898395731,[B@b3ca52e,2014-09-25 23:31:09.0
373,1922 Miraj Way,,Esfahan,356,13203,320471479776,[B@45c7e403,2014-09-25 23:31:37.0
374,433 Florencia Street,,Chihuahua,250,91330,561729882725,[B@2925bf5b,2014-09-25 23:32:08.0
375,1049 Matamoros Parkway,,Karnataka,191,69640,960505250340,[B@710f4dc7,2014-09-25 23:31:16.0
376,1061 Ede Avenue,,Southern Tagalog,98,57810,333390595558,[B@1ff4931d,2014-09-25 23:32:35.0
377,154 Oshawa Manor,,East Java,415,72771,440365973660,[B@65e98b1c,2014-09-25 23:31:34.0
378,1191 Tandil Drive,,Southern Tagalog,523,6362,45554316010,[B@61322f9d,2014-09-25 23:32:40.0
379,1133 Rizhao Avenue,,Pernambuco,572,2800,600264533987,[B@6ad82709,2014-09-25 23:30:23.0
380,1519 Santiago de los Caballeros Loop,,East Kasai,348,22025,409315295763,[B@510f3d34,2014-09-25 23:30:53.0
381,1618 Olomouc Manor,,Kurgan,285,26385,96846695220,[B@7817fd62,2014-09-25 23:32:51.0
382,220 Hidalgo Drive,,Kermanshah,265,45298,342720754566,[B@8297b3a,2014-09-25 23:31:37.0
383,686 Donostia-San Sebastin Lane,,Guangdong,471,97390,71857599858,[B@2362f559,2014-09-25 23:30:42.0
384,97 Mogiljov Lane,,Gujarat,73,89294,924815207181,[B@b2c9a9c,2014-09-25 23:31:11.0
385,1642 Charlotte Amalie Drive,,Slaskie,549,75442,821476736117,[B@4c178a76,2014-09-25 23:32:44.0
386,1368 Maracabo Boulevard,,,493,32716,934352415130,[B@fa4c865,2014-09-25 23:30:03.0
387,401 Sucre Boulevard,,New Hampshire,322,25007,486395999608,[B@3bd82cf5,2014-09-25 23:33:56.0
388,368 Hunuco Boulevard,,Namibe,360,17165,106439158941,[B@544fa968,2014-09-25 23:30:03.0
389,500 Lincoln Parkway,,Jiangsu,210,95509,550306965159,[B@247bddad,2014-09-25 23:30:35.0
390,102 Chapra Drive,,Ibaragi,521,14073,776031833752,[B@d35dea7,2014-09-25 23:31:54.0
391,1793 Meixian Place,,Hmelnytskyi,258,33535,619966287415,[B@7770f470,2014-09-25 23:33:31.0
392,514 Ife Way,,Shaba,315,69973,900235712074,[B@5e5d171f,2014-09-25 23:30:53.0
393,717 Changzhou Lane,,Southern Tagalog,104,21615,426255288071,[B@24313fcc,2014-09-25 23:32:36.0
394,753 Ilorin Avenue,,Sichuan,157,3656,464511145118,[B@7d20d0b,2014-09-25 23:30:32.0
395,1337 Mit Ghamr Avenue,,Nakhon Sawan,358,29810,175283210378,[B@77f1baf5,2014-09-25 23:33:19.0
396,767 Pyongyang Drive,,Osaka,229,83536,667736124769,[B@41a2befb,2014-09-25 23:31:48.0
397,614 Pak Kret Street,,Addis Abeba,6,27796,47808359842,[B@6c40365c,2014-09-25 23:30:59.0
398,954 Lapu-Lapu Way,,Moskova,278,8816,737229003916,[B@7bedc48a,2014-09-25 23:32:51.0
399,331 Bydgoszcz Parkway,,Asturia,181,966,537374465982,[B@131ef10,2014-09-25 23:33:09.0
400,1152 Citrus Heights Manor,,al-Qadarif,15,5239,765957414528,[B@55b0dcab,2014-09-25 23:33:11.0
401,168 Cianjur Manor,,Saitama,228,73824,679095087143,[B@38afe297,2014-09-25 23:31:48.0
402,616 Hagonoy Avenue,,Krasnojarsk,39,46043,604177838256,[B@2df3b89c,2014-09-25 23:32:47.0
403,1190 0 Place,,Rio Grande do Sul,44,10417,841876514789,[B@23348b5d,2014-09-25 23:30:16.0
404,734 Bchar Place,,Punjab,375,30586,280578750435,[B@70325e14,2014-09-25 23:32:31.0
405,530 Lausanne Lane,,Texas,135,11067,775235029633,[B@37ceb1df,2014-09-25 23:33:49.0
406,454 Patiala Lane,,Fukushima,276,13496,794553031307,[B@7c9d8e2,2014-09-25 23:31:49.0
407,1346 Mysore Drive,,Bretagne,92,61507,516647474029,[B@20d525,2014-09-25 23:31:00.0
408,990 Etawah Loop,,Tamil Nadu,564,79940,206169448769,[B@6200f9cb,2014-09-25 23:31:29.0
409,1266 Laredo Parkway,,Saitama,380,7664,1483365694,[B@2002fc1d,2014-09-25 23:31:52.0
410,88 Nagaon Manor,,Buenos Aires,524,86868,779461480495,[B@69453e37,2014-09-25 23:30:07.0
411,264 Bhimavaram Manor,,St Thomas,111,54749,302526949177,[B@6f4a47c7,2014-09-25 23:34:08.0
412,1639 Saarbrcken Drive,,North West,437,9827,328494873422,[B@ae13544,2014-09-25 23:33:05.0
413,692 Amroha Drive,,Northern,230,35575,359478883004,[B@3d34d211,2014-09-25 23:33:10.0
414,1936 Lapu-Lapu Parkway,,Bauchi & Gombe,141,7122,653436985797,[B@7dc0f706,2014-09-25 23:32:23.0
415,432 Garden Grove Street,,Ontario,430,65630,615964523510,[B@4009e306,2014-09-25 23:30:28.0
416,1445 Carmen Parkway,,West Java,117,70809,598912394463,[B@43c1b556,2014-09-25 23:31:30.0
417,791 Salinas Street,,Punjab,208,40509,129953030512,[B@587e5365,2014-09-25 23:31:17.0
418,126 Acua Parkway,,West Bengali,71,58888,480039662421,[B@22fcf7ab,2014-09-25 23:31:11.0
419,397 Sunnyvale Avenue,,Guanajuato,19,55566,680851640676,[B@2de23121,2014-09-25 23:32:01.0
420,992 Klerksdorp Loop,,Utrecht,23,33711,855290087237,[B@63475ace,2014-09-25 23:32:19.0
421,966 Arecibo Loop,,Sind,134,94018,15273765306,[B@4988d8b8,2014-09-25 23:32:30.0
422,289 Santo Andr Manor,,al-Sharqiya,16,72410,214976066017,[B@c0c2f8d,2014-09-25 23:32:59.0
423,437 Chungho Drive,,Puerto Plata,450,59489,491271355190,[B@305b7c14,2014-09-25 23:30:55.0
424,1948 Bayugan Parkway,,Bihar,264,60622,987306329957,[B@6913c1fb,2014-09-25 23:31:19.0
425,1866 al-Qatif Avenue,,California,155,89420,546793516940,[B@66d18979,2014-09-25 23:33:50.0
426,1661 Abha Drive,,Tamil Nadu,416,14400,270456873752,[B@bccb269,2014-09-25 23:31:23.0
427,1557 Cape Coral Parkway,,Hubei,293,46875,368284120423,[B@609cd4d8,2014-09-25 23:30:38.0
428,1727 Matamoros Place,,Sawhaj,465,78813,129673677866,[B@17f7cd29,2014-09-25 23:30:57.0
429,1269 Botosani Manor,,Guangdong,468,47394,736517327853,[B@7d8704ef,2014-09-25 23:30:42.0
430,355 Vitria de Santo Anto Way,,Oaxaca,452,81758,548003849552,[B@13b6aecc,2014-09-25 23:32:13.0
431,1596 Acua Parkway,,Jharkhand,418,70425,157133457169,[B@158a8276,2014-09-25 23:31:24.0
432,259 Ipoh Drive,,So Paulo,189,64964,419009857119,[B@3c3d9b6b,2014-09-25 23:30:18.0
433,1823 Hoshiarpur Lane,,Komi,510,33191,307133768620,[B@79d8407f,2014-09-25 23:32:57.0
434,1404 Taguig Drive,,Okayama,547,87212,572068624538,[B@5fbe4146,2014-09-25 23:31:54.0
435,740 Udaipur Lane,,Nizni Novgorod,150,33505,497288595103,[B@1e66f1f5,2014-09-25 23:32:47.0
436,287 Cuautla Boulevard,,Chuquisaca,501,72736,82619513349,[B@4e50c791,2014-09-25 23:30:14.0
437,1766 Almirante Brown Street,,KwaZulu-Natal,364,63104,617567598243,[B@7530ad9c,2014-09-25 23:33:04.0
438,596 Huixquilucan Place,,Nampula,351,65892,342709348083,[B@58a9760d,2014-09-25 23:32:17.0
439,1351 Aparecida de Goinia Parkway,,Northern Mindanao,391,41775,959834530529,[B@71e9ddb4,2014-09-25 23:32:38.0
440,722 Bradford Lane,,Shandong,249,90920,746251338300,[B@394df057,2014-09-25 23:30:37.0
441,983 Santa F Way,,British Colombia,565,47472,145720452260,[B@4961f6af,2014-09-25 23:30:28.0
442,1245 Ibirit Way,,La Romana,290,40926,331888642162,[B@5aebe890,2014-09-25 23:30:54.0
443,1836 Korla Parkway,,Copperbelt,272,55405,689681677428,[B@65d09a04,2014-09-25 23:34:11.0
444,231 Kaliningrad Place,,Lombardia,70,57833,575081026569,[B@33c911a1,2014-09-25 23:31:42.0
445,495 Bhimavaram Lane,,Maharashtra,144,3,82088937724,[B@75db5df9,2014-09-25 23:31:15.0
446,1924 Shimonoseki Drive,,Batna,59,52625,406784385440,[B@707194ba,2014-09-25 23:29:59.0
447,105 Dzerzinsk Manor,,Inner Mongolia,540,48570,240776414296,[B@1190200a,2014-09-25 23:30:44.0
448,614 Denizli Parkway,,Rio Grande do Sul,486,29444,876491807547,[B@6a2f6f80,2014-09-25 23:30:22.0
449,1289 Belm Boulevard,,Tartumaa,530,88306,237368926031,[B@45b4c3a9,2014-09-25 23:30:58.0
450,203 Tambaram Street,,Buenos Aires,161,73942,411549550611,[B@399c4be1,2014-09-25 23:30:05.0
451,1704 Tambaram Manor,,West Bengali,554,2834,39463554936,[B@291caca8,2014-09-25 23:31:28.0
452,207 Cuernavaca Loop,,Tatarstan,352,52671,782900030287,[B@385e9564,2014-09-25 23:32:55.0
453,319 Springs Loop,,Baijeri,160,99552,72524459905,[B@5b94b04d,2014-09-25 23:31:05.0
454,956 Nam Dinh Manor,,Kerman,481,21872,474047727727,[B@8c3b9d,2014-09-25 23:31:39.0
455,1947 Paarl Way,,Central Java,509,23636,834061016202,[B@4c39bec8,2014-09-25 23:31:35.0
456,814 Simferopol Loop,,Sinaloa,154,48745,524567129902,[B@f79e,2014-09-25 23:32:05.0
457,535 Ahmadnagar Manor,,Abu Dhabi,3,41136,985109775584,[B@7ee8290b,2014-09-25 23:33:34.0
458,138 Caracas Boulevard,,Zulia,326,16790,974433019532,[B@1f59a598,2014-09-25 23:34:04.0
459,251 Florencia Drive,,Michoacn de Ocampo,556,16119,118011831565,[B@1e178745,2014-09-25 23:32:13.0
460,659 Gatineau Boulevard,,La Paz,153,28587,205524798287,[B@192c3f1e,2014-09-25 23:30:13.0
461,1889 Valparai Way,,Ziguinchor,600,75559,670370974122,[B@26b3fd41,2014-09-25 23:33:01.0
462,1485 Bratislava Place,,Illinois,435,83183,924663855568,[B@7494f96a,2014-09-25 23:33:59.0
463,935 Aden Boulevard,,Central Java,532,64709,335052544020,[B@561b6512,2014-09-25 23:31:35.0
464,76 Kermanshah Manor,,Esfahan,423,23343,762361821578,[B@2e377400,2014-09-25 23:31:37.0
465,734 Tanshui Avenue,,Caquet,170,70664,366776723320,[B@1757cd72,2014-09-25 23:30:52.0
466,118 Jaffna Loop,,Northern Mindanao,182,10447,325526730021,[B@445b295b,2014-09-25 23:32:36.0
467,1621 Tongliao Avenue,,Irkutsk,558,22173,209342540247,[B@49e5f737,2014-09-25 23:32:58.0
468,1844 Usak Avenue,,Nova Scotia,196,84461,164414772677,[B@5c671d7f,2014-09-25 23:30:27.0
469,1872 Toulon Loop,,OHiggins,428,7939,928809465153,[B@757277dc,2014-09-25 23:30:30.0
470,1088 Ibirit Place,,Jalisco,595,88502,49084281333,[B@687e99d8,2014-09-25 23:32:15.0
471,1322 Mosul Parkway,,Shandong,145,95400,268053970382,[B@e4487af,2014-09-25 23:30:32.0
472,1447 Chatsworth Place,,Chihuahua,129,41545,769370126331,[B@6aaceffd,2014-09-25 23:32:04.0
473,1257 Guadalajara Street,,Karnataka,78,33599,195337700615,[B@c86b9e3,2014-09-25 23:31:14.0
474,1469 Plock Lane,,Galicia,388,95835,622884741180,[B@10aa41f2,2014-09-25 23:33:09.0
475,434 Ourense (Orense) Manor,,Hodeida,206,14122,562370137426,[B@3af9c5b7,2014-09-25 23:34:10.0
476,270 Tambaram Parkway,,Gauteng,244,9668,248446668735,[B@37271612,2014-09-25 23:33:03.0
477,1786 Salinas Place,,Nam Ha,359,66546,206060652238,[B@ed7f8b4,2014-09-25 23:34:07.0
478,1078 Stara Zagora Drive,,Aceh,301,69221,932992626595,[B@4c309d4d,2014-09-25 23:31:33.0
479,1854 Okara Boulevard,,Drenthe,158,42123,131912793873,[B@38102d01,2014-09-25 23:32:21.0
480,421 Yaound Street,,Sumy,385,11363,726875628268,[B@37883b97,2014-09-25 23:33:33.0
481,1153 Allende Way,,Qubec,179,20336,856872225376,[B@6ab778a,2014-09-25 23:30:26.0
482,808 Naala-Porto Parkway,,England,500,41060,553452430707,[B@4e3958e7,2014-09-25 23:33:41.0
483,632 Usolje-Sibirskoje Parkway,,Ha Darom,36,73085,667648979883,[B@77f80c04,2014-09-25 23:31:41.0
484,98 Pyongyang Boulevard,,Ohio,11,88749,191958435142,[B@1dac5ef,2014-09-25 23:33:42.0
485,984 Novoterkassk Loop,,Gaziantep,180,28165,435118527255,[B@5c90e579,2014-09-25 23:33:25.0
486,64 Korla Street,,Mwanza,347,25145,510383179153,[B@58ea606c,2014-09-25 23:33:17.0
487,1785 So Bernardo do Campo Street,,Veracruz,125,71182,684529463244,[B@6f45df59,2014-09-25 23:32:04.0
488,698 Jelets Boulevard,,Denizli,142,2596,975185523021,[B@38e79ae3,2014-09-25 23:33:24.0
489,1297 Alvorada Parkway,,Ningxia,587,11839,508348602835,[B@63070bab,2014-09-25 23:30:49.0
490,1909 Dayton Avenue,,Guangdong,469,88513,702955450528,[B@68e5eea7,2014-09-25 23:30:42.0
491,1789 Saint-Denis Parkway,,Coahuila de Zaragoza,4,8268,936806643983,[B@291b4bf5,2014-09-25 23:32:01.0
492,185 Mannheim Lane,,Stavropol,408,23661,589377568313,[B@2d2ffcb7,2014-09-25 23:32:56.0
493,184 Mandaluyong Street,,Baja California Sur,288,94239,488425406814,[B@762ef0ea,2014-09-25 23:32:09.0
494,591 Sungai Petani Drive,,Okayama,376,46400,37247325001,[B@31f9b85e,2014-09-25 23:31:51.0
495,656 Matamoros Drive,,Boyac,487,19489,17305839123,[B@424e1977,2014-09-25 23:30:53.0
496,775 ostka Drive,,al-Daqahliya,337,22358,171973024401,[B@10d68fcd,2014-09-25 23:30:57.0
497,1013 Tabuk Boulevard,,West Bengali,261,96203,158399646978,[B@117e949d,2014-09-25 23:31:19.0
498,319 Plock Parkway,,Istanbul,504,26101,854259976812,[B@6db9f5a4,2014-09-25 23:33:28.0
499,1954 Kowloon and New Kowloon Way,,Chimborazo,434,63667,898559280434,[B@5f8edcc5,2014-09-25 23:30:56.0
500,362 Rajkot Lane,,Gansu,47,98030,962020153680,[B@7b02881e,2014-09-25 23:30:31.0
501,1060 Tandil Lane,,Shandong,432,72349,211256301880,[B@1ebd319f,2014-09-25 23:30:41.0
502,1515 Korla Way,,England,589,57197,959467760895,[B@3c0be339,2014-09-25 23:33:42.0
503,1416 San Juan Bautista Tuxtepec Avenue,,Zufar,444,50592,144206758053,[B@15ca7889,2014-09-25 23:32:29.0
504,1 Valle de Santiago Avenue,,Apulia,93,86208,465897838272,[B@7a675056,2014-09-25 23:31:43.0
505,519 Brescia Parkway,,East Java,318,69504,793996678771,[B@d21a74c,2014-09-25 23:31:33.0
506,414 Mandaluyong Street,,Lubelskie,314,16370,52709222667,[B@6e509ffa,2014-09-25 23:32:43.0
507,1197 Sokoto Boulevard,,West Bengali,478,87687,868602816371,[B@2898ac89,2014-09-25 23:31:27.0
508,496 Celaya Drive,,Nagano,552,90797,759586584889,[B@683dbc2c,2014-09-25 23:31:54.0
509,786 Matsue Way,,Illinois,245,37469,111177206479,[B@68267da0,2014-09-25 23:33:54.0
510,48 Maracabo Place,,Central Luzon,519,1570,82671830126,[B@2638011,2014-09-25 23:32:39.0
511,1152 al-Qatif Lane,,Kalimantan Barat,412,44816,131370665218,[B@6ff29830,2014-09-25 23:31:34.0
512,1269 Ipoh Avenue,,Eskisehir,163,54674,402630109080,[B@6a2b953e,2014-09-25 23:33:24.0
513,758 Korolev Parkway,,Andhra Pradesh,568,75474,441628280920,[B@313b2ea6,2014-09-25 23:31:29.0
514,1747 Rustenburg Place,,Bihar,110,51369,442673923363,[B@2f465398,2014-09-25 23:31:14.0
515,886 Tonghae Place,,Volgograd,259,19450,711928348157,[B@548e6d58,2014-09-25 23:32:50.0
516,1574 Goinia Boulevard,,Heilongjiang,502,39529,59634255214,[B@623a8092,2014-09-25 23:30:43.0
517,548 Uruapan Street,,Ontario,312,35653,879347453467,[B@a1cdc6d,2014-09-25 23:33:38.0
519,962 Tama Loop,,,583,65952,282667506728,[B@175b9425,2014-09-25 23:32:19.0
520,1778 Gijn Manor,,Hubei,594,35156,288910576761,[B@3098cf3b,2014-09-25 23:30:50.0
521,568 Dhule (Dhulia) Loop,,Coquimbo,127,92568,602101369463,[B@610f7aa,2014-09-25 23:30:30.0
522,1768 Udine Loop,,Battambang,60,32347,448876499197,[B@6a03bcb1,2014-09-25 23:30:24.0
523,608 Birgunj Parkway,,Taipei,116,400,627425618482,[B@21b2e768,2014-09-25 23:33:14.0
524,680 A Corua (La Corua) Manor,,Sivas,482,49806,158326114853,[B@57250572,2014-09-25 23:33:28.0
525,1949 Sanya Street,,Gumma,224,61244,132100972047,[B@5609159b,2014-09-25 23:31:47.0
526,617 Klerksdorp Place,,Khanh Hoa,366,94707,574973479129,[B@2118cddf,2014-09-25 23:34:07.0
527,1993 0 Loop,,Liaoning,588,41214,25865528181,[B@17a7f733,2014-09-25 23:30:49.0
528,1176 Southend-on-Sea Manor,,Southern Tagalog,458,81651,236679267178,[B@68567e20,2014-09-25 23:32:39.0
529,600 Purnea (Purnia) Avenue,,Nghe An,571,18043,638409958875,[B@76ed1b7c,2014-09-25 23:34:07.0
530,1003 Qinhuangdao Street,,West Java,419,25972,35533115997,[B@11fc564b,2014-09-25 23:31:35.0
531,1986 Sivas Place,,Friuli-Venezia Giuli,551,95775,182059202712,[B@394a2528,2014-09-25 23:31:44.0
532,1427 Tabuk Place,,Florida,101,31342,214756839122,[B@6236eb5f,2014-09-25 23:33:47.0
533,556 Asuncin Way,,Mogiljov,339,35364,338244023543,[B@7c1e2a9e,2014-09-25 23:30:13.0
534,486 Ondo Parkway,,Benguela,67,35202,105882218332,[B@fa36558,2014-09-25 23:30:02.0
535,635 Brest Manor,,Andhra Pradesh,75,40899,80593242951,[B@672872e1,2014-09-25 23:31:13.0
536,166 Jinchang Street,,Buenos Aires,165,86760,717566026669,[B@32910148,2014-09-25 23:30:05.0
537,958 Sagamihara Lane,,Mie,287,88408,427274926505,[B@3f56875e,2014-09-25 23:31:50.0
538,1817 Livorno Way,,Khanh Hoa,100,79401,478380208348,[B@2b4bac49,2014-09-25 23:34:05.0
539,1332 Gaziantep Lane,,Shandong,80,22813,383353187467,[B@fd07cbb,2014-09-25 23:30:31.0
540,949 Allende Lane,,Uttar Pradesh,24,67521,122981120653,[B@3571b748,2014-09-25 23:31:11.0
541,195 Ilorin Street,,Chari-Baguirmi,363,49250,8912935608,[B@3e96bacf,2014-09-25 23:30:29.0
542,193 Bhusawal Place,,Kang-won,539,9750,745267607502,[B@484970b0,2014-09-25 23:33:07.0
543,43 Vilnius Manor,,Colorado,42,79814,484500282381,[B@4470f8a6,2014-09-25 23:33:44.0
544,183 Haiphong Street,,Jilin,46,69953,488600270038,[B@7c83dc97,2014-09-25 23:30:30.0
545,163 Augusta-Richmond County Loop,,Carabobo,561,33030,754579047924,[B@7748410a,2014-09-25 23:34:05.0
546,191 Jos Azueta Parkway,,Ruse,436,13629,932156667696,[B@740773a3,2014-09-25 23:30:23.0
547,379 Lublin Parkway,,Toscana,309,74568,921960450089,[B@37f1104d,2014-09-25 23:31:44.0
548,1658 Cuman Loop,,Sumatera Selatan,396,51309,784907335610,[B@55740540,2014-09-25 23:31:34.0
549,454 Qinhuangdao Drive,,Tadla-Azilal,68,25866,786270036240,[B@60015ef5,2014-09-25 23:32:16.0
550,1715 Okayama Street,,So Paulo,485,55676,169352919175,[B@2f54a33d,2014-09-25 23:30:22.0
551,182 Nukualofa Drive,,Sumy,275,15414,426346224043,[B@1018bde2,2014-09-25 23:33:32.0
552,390 Wroclaw Way,,Hainan,462,5753,357593328658,[B@65b3f4a4,2014-09-25 23:30:41.0
553,1421 Quilmes Lane,,Ishikawa,260,19151,135407755975,[B@f2ff811,2014-09-25 23:31:49.0
554,947 Trshavn Place,,Central Luzon,528,841,50898428626,[B@568ff82,2014-09-25 23:32:40.0
555,1764 Jalib al-Shuyukh Parkway,,Galicia,459,77642,84794532510,[B@50caa560,2014-09-25 23:33:10.0
556,346 Cam Ranh Avenue,,Zhejiang,599,39976,978430786151,[B@2a266d09,2014-09-25 23:30:51.0
557,1407 Pachuca de Soto Place,,Rio Grande do Sul,21,26284,380077794770,[B@5ab9e72c,2014-09-25 23:30:14.0
558,904 Clarksville Drive,,Zhejiang,193,52234,955349440539,[B@186f8716,2014-09-25 23:30:34.0
559,1917 Kumbakonam Parkway,,Vojvodina,368,11892,698182547686,[B@1d8bd0de,2014-09-25 23:34:11.0
560,1447 Imus Place,,Gujarat,426,12905,62127829280,[B@45ca843,2014-09-25 23:31:25.0
561,1497 Fengshan Drive,,KwaZulu-Natal,112,63022,368738360376,[B@11c9af63,2014-09-25 23:33:03.0
562,869 Shikarpur Way,,England,496,57380,590764256785,[B@757acd7b,2014-09-25 23:33:40.0
563,1059 Yuncheng Avenue,,Vilna,570,47498,107092893983,[B@36b4fe2a,2014-09-25 23:31:58.0
564,505 Madiun Boulevard,,Dolnoslaskie,577,97271,970638808606,[B@574b560f,2014-09-25 23:32:44.0
565,1741 Hoshiarpur Boulevard,,al-Sharqiya,79,22372,855066328617,[B@ba54932,2014-09-25 23:30:56.0
566,1229 Varanasi (Benares) Manor,,Buenos Aires,43,40195,817740355461,[B@28975c28,2014-09-25 23:30:04.0
567,1894 Boa Vista Way,,Texas,178,77464,239357986667,[B@3943a2be,2014-09-25 23:33:51.0
568,1342 Sharja Way,,Sokoto & Kebbi & Zam,488,93655,946114054231,[B@343570b7,2014-09-25 23:32:27.0
569,1342 Abha Boulevard,,Bukarest,95,10714,997453607116,[B@157853da,2014-09-25 23:32:46.0
570,415 Pune Avenue,,Shandong,580,44274,203202500108,[B@71c3b41,2014-09-25 23:30:47.0
571,1746 Faaa Way,,Huanuco,214,32515,863080561151,[B@236e3f4e,2014-09-25 23:32:33.0
572,539 Hami Way,,Tokat,538,52196,525518075499,[B@3cc1435c,2014-09-25 23:33:29.0
573,1407 Surakarta Manor,,Moskova,466,33224,324346485054,[B@6bf0219d,2014-09-25 23:32:56.0
574,502 Mandi Bahauddin Parkway,,Anzotegui,55,15992,618156722572,[B@dd0c991,2014-09-25 23:34:03.0
575,1052 Pathankot Avenue,,Sichuan,299,77397,128499386727,[B@5f16132a,2014-09-25 23:30:39.0
576,1351 Sousse Lane,,Coahuila de Zaragoza,341,37815,203804046132,[B@69fb6037,2014-09-25 23:32:10.0
577,1501 Pangkal Pinang Avenue,,Mazowieckie,409,943,770864062795,[B@36d585c,2014-09-25 23:32:43.0
578,1405 Hagonoy Avenue,,Slaskie,133,86587,867287719310,[B@87a85e1,2014-09-25 23:32:42.0
579,521 San Juan Bautista Tuxtepec Place,,Qaraghandy,598,95093,844018348565,[B@671a5887,2014-09-25 23:31:56.0
580,923 Tangail Boulevard,,Tokyo-to,10,33384,315528269898,[B@5552768b,2014-09-25 23:31:45.0
581,186 Skikda Lane,,Morelos,131,89422,14465669789,[B@3c947bc5,2014-09-25 23:32:05.0
582,1568 Celaya Parkway,,Kaohsiung,168,34750,278669994384,[B@609db43b,2014-09-25 23:33:15.0
583,1489 Kakamigahara Lane,,Taipei,526,98883,29341849811,[B@55f616cf,2014-09-25 23:33:16.0
584,1819 Alessandria Loop,,Campeche,103,53829,377633994405,[B@1356d4d4,2014-09-25 23:32:02.0
585,1208 Tama Loop,,Ninawa,344,73605,954786054144,[B@c03cf28,2014-09-25 23:31:40.0
586,951 Springs Lane,,Central Mindanao,219,96115,165164761435,[B@1329eff,2014-09-25 23:32:37.0
587,760 Miyakonojo Drive,,Guerrero,246,64682,294449058179,[B@6497b078,2014-09-25 23:32:08.0
588,966 Asuncin Way,,Hidalgo,212,62703,995527378381,[B@41c2284a,2014-09-25 23:32:07.0
589,1584 Ljubertsy Lane,,England,494,22954,285710089439,[B@53aad5d5,2014-09-25 23:33:38.0
590,247 Jining Parkway,,Banjul,54,53446,170115379190,[B@46fa7c39,2014-09-25 23:31:04.0
591,773 Dallas Manor,,Buenos Aires,424,12664,914466027044,[B@1fb700ee,2014-09-25 23:30:06.0
592,1923 Stara Zagora Lane,,Nantou,546,95179,182178609211,[B@4f67eb2a,2014-09-25 23:33:17.0
593,1402 Zanzibar Boulevard,,Guanajuato,106,71102,387448063440,[B@4a668b6e,2014-09-25 23:32:03.0
594,1464 Kursk Parkway,,Shandong,574,17381,338758048786,[B@5f683daf,2014-09-25 23:30:44.0
595,1074 Sanaa Parkway,,Loja,311,22474,154124128457,[B@78ffe6dc,2014-09-25 23:30:55.0
596,1759 Niznekamsk Avenue,,al-Manama,14,39414,864392582257,[B@8317c52,2014-09-25 23:30:11.0
597,32 Liaocheng Way,,Minas Gerais,248,1944,410877354933,[B@76f2bbc1,2014-09-25 23:30:19.0
598,42 Fontana Avenue,,Fejr,512,14684,437829801725,[B@68e965f5,2014-09-25 23:31:09.0
599,1895 Zhezqazghan Drive,,California,177,36693,137809746111,[B@6f27a732,2014-09-25 23:33:51.0
600,1837 Kaduna Parkway,,Inner Mongolia,241,82580,640843562301,[B@6c779568,2014-09-25 23:30:37.0
601,844 Bucuresti Place,,Liaoning,242,36603,935952366111,[B@f381794,2014-09-25 23:30:37.0
602,1101 Bucuresti Boulevard,,West Greece,401,97661,199514580428,[B@2cdd0d4b,2014-09-25 23:31:07.0
603,1103 Quilmes Boulevard,,Piura,503,52137,644021380889,[B@7e9131d5,2014-09-25 23:32:34.0
604,1331 Usak Boulevard,,Vaud,296,61960,145308717464,[B@2e1d27ba,2014-09-25 23:33:14.0
605,1325 Fukuyama Street,,Heilongjiang,537,27107,288241215394,[B@61d6015a,2014-09-25 23:30:44.0
