film_id,category_id,last_update
1,6,2006-02-15 05:07:09.0
2,11,2006-02-15 05:07:09.0
3,6,2006-02-15 05:07:09.0
4,11,2006-02-15 05:07:09.0
5,8,2006-02-15 05:07:09.0
6,9,2006-02-15 05:07:09.0
7,5,2006-02-15 05:07:09.0
8,11,2006-02-15 05:07:09.0
9,11,2006-02-15 05:07:09.0
10,15,2006-02-15 05:07:09.0
11,9,2006-02-15 05:07:09.0
12,12,2006-02-15 05:07:09.0
13,11,2006-02-15 05:07:09.0
14,4,2006-02-15 05:07:09.0
15,9,2006-02-15 05:07:09.0
16,9,2006-02-15 05:07:09.0
17,12,2006-02-15 05:07:09.0
18,2,2006-02-15 05:07:09.0
19,1,2006-02-15 05:07:09.0
20,12,2006-02-15 05:07:09.0
21,1,2006-02-15 05:07:09.0
22,13,2006-02-15 05:07:09.0
23,2,2006-02-15 05:07:09.0
24,11,2006-02-15 05:07:09.0
25,13,2006-02-15 05:07:09.0
26,14,2006-02-15 05:07:09.0
27,15,2006-02-15 05:07:09.0
28,5,2006-02-15 05:07:09.0
29,1,2006-02-15 05:07:09.0
30,11,2006-02-15 05:07:09.0
31,8,2006-02-15 05:07:09.0
32,13,2006-02-15 05:07:09.0
33,7,2006-02-15 05:07:09.0
34,11,2006-02-15 05:07:09.0
35,11,2006-02-15 05:07:09.0
36,2,2006-02-15 05:07:09.0
37,4,2006-02-15 05:07:09.0
38,1,2006-02-15 05:07:09.0
39,14,2006-02-15 05:07:09.0
40,6,2006-02-15 05:07:09.0
41,16,2006-02-15 05:07:09.0
42,15,2006-02-15 05:07:09.0
43,8,2006-02-15 05:07:09.0
44,14,2006-02-15 05:07:09.0
45,13,2006-02-15 05:07:09.0
46,10,2006-02-15 05:07:09.0
47,9,2006-02-15 05:07:09.0
48,3,2006-02-15 05:07:09.0
49,14,2006-02-15 05:07:09.0
50,8,2006-02-15 05:07:09.0
51,12,2006-02-15 05:07:09.0
52,9,2006-02-15 05:07:09.0
53,8,2006-02-15 05:07:09.0
54,12,2006-02-15 05:07:09.0
55,14,2006-02-15 05:07:09.0
56,1,2006-02-15 05:07:09.0
57,16,2006-02-15 05:07:09.0
58,6,2006-02-15 05:07:09.0
59,3,2006-02-15 05:07:09.0
60,4,2006-02-15 05:07:09.0
61,7,2006-02-15 05:07:09.0
62,6,2006-02-15 05:07:09.0
63,8,2006-02-15 05:07:09.0
64,7,2006-02-15 05:07:09.0
65,11,2006-02-15 05:07:09.0
66,3,2006-02-15 05:07:09.0
67,1,2006-02-15 05:07:09.0
68,3,2006-02-15 05:07:09.0
69,14,2006-02-15 05:07:09.0
70,2,2006-02-15 05:07:09.0
71,8,2006-02-15 05:07:09.0
72,6,2006-02-15 05:07:09.0
73,14,2006-02-15 05:07:09.0
74,12,2006-02-15 05:07:09.0
75,16,2006-02-15 05:07:09.0
76,12,2006-02-15 05:07:09.0
77,13,2006-02-15 05:07:09.0
78,2,2006-02-15 05:07:09.0
79,7,2006-02-15 05:07:09.0
80,8,2006-02-15 05:07:09.0
81,14,2006-02-15 05:07:09.0
82,8,2006-02-15 05:07:09.0
83,8,2006-02-15 05:07:09.0
84,16,2006-02-15 05:07:09.0
85,6,2006-02-15 05:07:09.0
86,12,2006-02-15 05:07:09.0
87,16,2006-02-15 05:07:09.0
88,16,2006-02-15 05:07:09.0
89,2,2006-02-15 05:07:09.0
90,13,2006-02-15 05:07:09.0
91,4,2006-02-15 05:07:09.0
92,11,2006-02-15 05:07:09.0
93,13,2006-02-15 05:07:09.0
94,8,2006-02-15 05:07:09.0
95,13,2006-02-15 05:07:09.0
96,13,2006-02-15 05:07:09.0
97,1,2006-02-15 05:07:09.0
98,7,2006-02-15 05:07:09.0
99,5,2006-02-15 05:07:09.0
100,9,2006-02-15 05:07:09.0
101,6,2006-02-15 05:07:09.0
102,15,2006-02-15 05:07:09.0
103,16,2006-02-15 05:07:09.0
104,9,2006-02-15 05:07:09.0
105,1,2006-02-15 05:07:09.0
106,10,2006-02-15 05:07:09.0
107,7,2006-02-15 05:07:09.0
108,13,2006-02-15 05:07:09.0
109,13,2006-02-15 05:07:09.0
110,3,2006-02-15 05:07:09.0
111,1,2006-02-15 05:07:09.0
112,9,2006-02-15 05:07:09.0
113,15,2006-02-15 05:07:09.0
114,14,2006-02-15 05:07:09.0
115,1,2006-02-15 05:07:09.0
116,4,2006-02-15 05:07:09.0
117,10,2006-02-15 05:07:09.0
118,2,2006-02-15 05:07:09.0
119,5,2006-02-15 05:07:09.0
120,15,2006-02-15 05:07:09.0
121,2,2006-02-15 05:07:09.0
122,11,2006-02-15 05:07:09.0
123,16,2006-02-15 05:07:09.0
124,3,2006-02-15 05:07:09.0
125,16,2006-02-15 05:07:09.0
126,1,2006-02-15 05:07:09.0
127,5,2006-02-15 05:07:09.0
128,9,2006-02-15 05:07:09.0
129,6,2006-02-15 05:07:09.0
130,1,2006-02-15 05:07:09.0
131,4,2006-02-15 05:07:09.0
132,14,2006-02-15 05:07:09.0
133,12,2006-02-15 05:07:09.0
134,2,2006-02-15 05:07:09.0
135,15,2006-02-15 05:07:09.0
136,13,2006-02-15 05:07:09.0
137,14,2006-02-15 05:07:09.0
138,14,2006-02-15 05:07:09.0
139,8,2006-02-15 05:07:09.0
140,14,2006-02-15 05:07:09.0
141,10,2006-02-15 05:07:09.0
142,6,2006-02-15 05:07:09.0
143,7,2006-02-15 05:07:09.0
144,13,2006-02-15 05:07:09.0
145,8,2006-02-15 05:07:09.0
146,7,2006-02-15 05:07:09.0
147,8,2006-02-15 05:07:09.0
148,9,2006-02-15 05:07:09.0
149,3,2006-02-15 05:07:09.0
150,6,2006-02-15 05:07:09.0
151,14,2006-02-15 05:07:09.0
152,3,2006-02-15 05:07:09.0
153,14,2006-02-15 05:07:09.0
154,2,2006-02-15 05:07:09.0
155,13,2006-02-15 05:07:09.0
156,6,2006-02-15 05:07:09.0
157,3,2006-02-15 05:07:09.0
158,12,2006-02-15 05:07:09.0
159,5,2006-02-15 05:07:09.0
160,2,2006-02-15 05:07:09.0
161,12,2006-02-15 05:07:09.0
162,1,2006-02-15 05:07:09.0
163,13,2006-02-15 05:07:09.0
164,6,2006-02-15 05:07:09.0
165,14,2006-02-15 05:07:09.0
166,4,2006-02-15 05:07:09.0
167,16,2006-02-15 05:07:09.0
168,3,2006-02-15 05:07:09.0
169,16,2006-02-15 05:07:09.0
170,9,2006-02-15 05:07:09.0
171,11,2006-02-15 05:07:09.0
172,7,2006-02-15 05:07:09.0
173,7,2006-02-15 05:07:09.0
174,12,2006-02-15 05:07:09.0
175,8,2006-02-15 05:07:09.0
176,15,2006-02-15 05:07:09.0
177,14,2006-02-15 05:07:09.0
178,5,2006-02-15 05:07:09.0
179,7,2006-02-15 05:07:09.0
180,4,2006-02-15 05:07:09.0
181,16,2006-02-15 05:07:09.0
182,5,2006-02-15 05:07:09.0
183,8,2006-02-15 05:07:09.0
184,4,2006-02-15 05:07:09.0
185,9,2006-02-15 05:07:09.0
186,7,2006-02-15 05:07:09.0
187,15,2006-02-15 05:07:09.0
188,5,2006-02-15 05:07:09.0
189,10,2006-02-15 05:07:09.0
190,4,2006-02-15 05:07:09.0
191,3,2006-02-15 05:07:09.0
192,9,2006-02-15 05:07:09.0
193,2,2006-02-15 05:07:09.0
194,1,2006-02-15 05:07:09.0
195,14,2006-02-15 05:07:09.0
196,4,2006-02-15 05:07:09.0
197,15,2006-02-15 05:07:09.0
198,9,2006-02-15 05:07:09.0
199,6,2006-02-15 05:07:09.0
200,10,2006-02-15 05:07:09.0
201,9,2006-02-15 05:07:09.0
202,5,2006-02-15 05:07:09.0
203,14,2006-02-15 05:07:09.0
204,7,2006-02-15 05:07:09.0
205,1,2006-02-15 05:07:09.0
206,6,2006-02-15 05:07:09.0
207,9,2006-02-15 05:07:09.0
208,2,2006-02-15 05:07:09.0
209,7,2006-02-15 05:07:09.0
210,1,2006-02-15 05:07:09.0
211,10,2006-02-15 05:07:09.0
212,1,2006-02-15 05:07:09.0
213,8,2006-02-15 05:07:09.0
214,3,2006-02-15 05:07:09.0
215,10,2006-02-15 05:07:09.0
216,13,2006-02-15 05:07:09.0
217,10,2006-02-15 05:07:09.0
218,7,2006-02-15 05:07:09.0
219,6,2006-02-15 05:07:09.0
220,12,2006-02-15 05:07:09.0
221,6,2006-02-15 05:07:09.0
222,11,2006-02-15 05:07:09.0
223,2,2006-02-15 05:07:09.0
224,16,2006-02-15 05:07:09.0
225,7,2006-02-15 05:07:09.0
226,13,2006-02-15 05:07:09.0
227,10,2006-02-15 05:07:09.0
228,4,2006-02-15 05:07:09.0
229,1,2006-02-15 05:07:09.0
230,7,2006-02-15 05:07:09.0
231,8,2006-02-15 05:07:09.0
232,10,2006-02-15 05:07:09.0
233,16,2006-02-15 05:07:09.0
234,14,2006-02-15 05:07:09.0
235,14,2006-02-15 05:07:09.0
236,10,2006-02-15 05:07:09.0
237,15,2006-02-15 05:07:09.0
238,3,2006-02-15 05:07:09.0
239,2,2006-02-15 05:07:09.0
240,14,2006-02-15 05:07:09.0
241,2,2006-02-15 05:07:09.0
242,5,2006-02-15 05:07:09.0
243,2,2006-02-15 05:07:09.0
244,12,2006-02-15 05:07:09.0
245,2,2006-02-15 05:07:09.0
246,9,2006-02-15 05:07:09.0
247,5,2006-02-15 05:07:09.0
248,6,2006-02-15 05:07:09.0
249,4,2006-02-15 05:07:09.0
250,1,2006-02-15 05:07:09.0
251,13,2006-02-15 05:07:09.0
252,1,2006-02-15 05:07:09.0
253,1,2006-02-15 05:07:09.0
254,15,2006-02-15 05:07:09.0
255,12,2006-02-15 05:07:09.0
256,15,2006-02-15 05:07:09.0
257,16,2006-02-15 05:07:09.0
258,11,2006-02-15 05:07:09.0
259,2,2006-02-15 05:07:09.0
260,15,2006-02-15 05:07:09.0
261,6,2006-02-15 05:07:09.0
262,8,2006-02-15 05:07:09.0
263,15,2006-02-15 05:07:09.0
264,10,2006-02-15 05:07:09.0
265,5,2006-02-15 05:07:09.0
266,4,2006-02-15 05:07:09.0
267,13,2006-02-15 05:07:09.0
268,2,2006-02-15 05:07:09.0
269,8,2006-02-15 05:07:09.0
270,13,2006-02-15 05:07:09.0
271,1,2006-02-15 05:07:09.0
272,7,2006-02-15 05:07:09.0
273,8,2006-02-15 05:07:09.0
274,6,2006-02-15 05:07:09.0
275,11,2006-02-15 05:07:09.0
276,5,2006-02-15 05:07:09.0
277,11,2006-02-15 05:07:09.0
278,12,2006-02-15 05:07:09.0
279,15,2006-02-15 05:07:09.0
280,3,2006-02-15 05:07:09.0
281,10,2006-02-15 05:07:09.0
282,7,2006-02-15 05:07:09.0
283,13,2006-02-15 05:07:09.0
284,12,2006-02-15 05:07:09.0
285,14,2006-02-15 05:07:09.0
286,16,2006-02-15 05:07:09.0
287,1,2006-02-15 05:07:09.0
288,16,2006-02-15 05:07:09.0
289,13,2006-02-15 05:07:09.0
290,9,2006-02-15 05:07:09.0
291,15,2006-02-15 05:07:09.0
292,1,2006-02-15 05:07:09.0
293,15,2006-02-15 05:07:09.0
294,16,2006-02-15 05:07:09.0
295,6,2006-02-15 05:07:09.0
296,14,2006-02-15 05:07:09.0
297,4,2006-02-15 05:07:09.0
298,14,2006-02-15 05:07:09.0
299,16,2006-02-15 05:07:09.0
300,2,2006-02-15 05:07:09.0
301,11,2006-02-15 05:07:09.0
302,10,2006-02-15 05:07:09.0
303,1,2006-02-15 05:07:09.0
304,3,2006-02-15 05:07:09.0
305,13,2006-02-15 05:07:09.0
306,10,2006-02-15 05:07:09.0
307,16,2006-02-15 05:07:09.0
308,5,2006-02-15 05:07:09.0
309,8,2006-02-15 05:07:09.0
310,10,2006-02-15 05:07:09.0
311,9,2006-02-15 05:07:09.0
312,14,2006-02-15 05:07:09.0
313,11,2006-02-15 05:07:09.0
314,2,2006-02-15 05:07:09.0
315,8,2006-02-15 05:07:09.0
316,10,2006-02-15 05:07:09.0
317,5,2006-02-15 05:07:09.0
318,1,2006-02-15 05:07:09.0
319,14,2006-02-15 05:07:09.0
320,13,2006-02-15 05:07:09.0
321,13,2006-02-15 05:07:09.0
322,15,2006-02-15 05:07:09.0
323,15,2006-02-15 05:07:09.0
324,5,2006-02-15 05:07:09.0
325,2,2006-02-15 05:07:09.0
326,2,2006-02-15 05:07:09.0
327,1,2006-02-15 05:07:09.0
328,3,2006-02-15 05:07:09.0
329,1,2006-02-15 05:07:09.0
330,2,2006-02-15 05:07:09.0
331,10,2006-02-15 05:07:09.0
332,5,2006-02-15 05:07:09.0
333,12,2006-02-15 05:07:09.0
334,11,2006-02-15 05:07:09.0
335,5,2006-02-15 05:07:09.0
336,6,2006-02-15 05:07:09.0
337,9,2006-02-15 05:07:09.0
338,14,2006-02-15 05:07:09.0
339,16,2006-02-15 05:07:09.0
340,13,2006-02-15 05:07:09.0
341,4,2006-02-15 05:07:09.0
342,16,2006-02-15 05:07:09.0
343,3,2006-02-15 05:07:09.0
344,3,2006-02-15 05:07:09.0
345,8,2006-02-15 05:07:09.0
346,4,2006-02-15 05:07:09.0
347,16,2006-02-15 05:07:09.0
348,8,2006-02-15 05:07:09.0
349,2,2006-02-15 05:07:09.0
350,14,2006-02-15 05:07:09.0
351,11,2006-02-15 05:07:09.0
352,10,2006-02-15 05:07:09.0
353,9,2006-02-15 05:07:09.0
354,3,2006-02-15 05:07:09.0
355,2,2006-02-15 05:07:09.0
356,3,2006-02-15 05:07:09.0
357,4,2006-02-15 05:07:09.0
358,4,2006-02-15 05:07:09.0
359,8,2006-02-15 05:07:09.0
360,1,2006-02-15 05:07:09.0
361,15,2006-02-15 05:07:09.0
362,10,2006-02-15 05:07:09.0
363,12,2006-02-15 05:07:09.0
364,13,2006-02-15 05:07:09.0
365,5,2006-02-15 05:07:09.0
366,7,2006-02-15 05:07:09.0
367,14,2006-02-15 05:07:09.0
368,7,2006-02-15 05:07:09.0
369,14,2006-02-15 05:07:09.0
370,3,2006-02-15 05:07:09.0
371,1,2006-02-15 05:07:09.0
372,15,2006-02-15 05:07:09.0
373,3,2006-02-15 05:07:09.0
374,14,2006-02-15 05:07:09.0
375,1,2006-02-15 05:07:09.0
376,9,2006-02-15 05:07:09.0
377,8,2006-02-15 05:07:09.0
378,12,2006-02-15 05:07:09.0
379,7,2006-02-15 05:07:09.0
380,9,2006-02-15 05:07:09.0
381,10,2006-02-15 05:07:09.0
382,10,2006-02-15 05:07:09.0
383,15,2006-02-15 05:07:09.0
384,12,2006-02-15 05:07:09.0
385,5,2006-02-15 05:07:09.0
386,16,2006-02-15 05:07:09.0
387,10,2006-02-15 05:07:09.0
388,5,2006-02-15 05:07:09.0
389,15,2006-02-15 05:07:09.0
390,14,2006-02-15 05:07:09.0
391,8,2006-02-15 05:07:09.0
392,3,2006-02-15 05:07:09.0
393,6,2006-02-15 05:07:09.0
394,14,2006-02-15 05:07:09.0
395,1,2006-02-15 05:07:09.0
396,7,2006-02-15 05:07:09.0
397,14,2006-02-15 05:07:09.0
398,12,2006-02-15 05:07:09.0
399,9,2006-02-15 05:07:09.0
400,6,2006-02-15 05:07:09.0
401,7,2006-02-15 05:07:09.0
402,2,2006-02-15 05:07:09.0
403,7,2006-02-15 05:07:09.0
404,5,2006-02-15 05:07:09.0
405,16,2006-02-15 05:07:09.0
406,10,2006-02-15 05:07:09.0
407,6,2006-02-15 05:07:09.0
408,10,2006-02-15 05:07:09.0
409,3,2006-02-15 05:07:09.0
410,5,2006-02-15 05:07:09.0
411,12,2006-02-15 05:07:09.0
412,6,2006-02-15 05:07:09.0
413,5,2006-02-15 05:07:09.0
414,9,2006-02-15 05:07:09.0
415,11,2006-02-15 05:07:09.0
416,9,2006-02-15 05:07:09.0
417,1,2006-02-15 05:07:09.0
418,7,2006-02-15 05:07:09.0
419,8,2006-02-15 05:07:09.0
420,15,2006-02-15 05:07:09.0
421,9,2006-02-15 05:07:09.0
422,14,2006-02-15 05:07:09.0
423,3,2006-02-15 05:07:09.0
424,3,2006-02-15 05:07:09.0
425,4,2006-02-15 05:07:09.0
426,12,2006-02-15 05:07:09.0
427,6,2006-02-15 05:07:09.0
428,8,2006-02-15 05:07:09.0
429,15,2006-02-15 05:07:09.0
430,2,2006-02-15 05:07:09.0
431,9,2006-02-15 05:07:09.0
432,4,2006-02-15 05:07:09.0
433,2,2006-02-15 05:07:09.0
434,16,2006-02-15 05:07:09.0
435,9,2006-02-15 05:07:09.0
436,13,2006-02-15 05:07:09.0
437,8,2006-02-15 05:07:09.0
438,10,2006-02-15 05:07:09.0
439,7,2006-02-15 05:07:09.0
440,9,2006-02-15 05:07:09.0
441,6,2006-02-15 05:07:09.0
442,8,2006-02-15 05:07:09.0
443,5,2006-02-15 05:07:09.0
444,5,2006-02-15 05:07:09.0
445,4,2006-02-15 05:07:09.0
446,15,2006-02-15 05:07:09.0
447,10,2006-02-15 05:07:09.0
448,13,2006-02-15 05:07:09.0
449,14,2006-02-15 05:07:09.0
450,3,2006-02-15 05:07:09.0
451,16,2006-02-15 05:07:09.0
452,9,2006-02-15 05:07:09.0
453,15,2006-02-15 05:07:09.0
454,12,2006-02-15 05:07:09.0
455,9,2006-02-15 05:07:09.0
456,2,2006-02-15 05:07:09.0
457,6,2006-02-15 05:07:09.0
458,8,2006-02-15 05:07:09.0
459,9,2006-02-15 05:07:09.0
460,9,2006-02-15 05:07:09.0
461,2,2006-02-15 05:07:09.0
462,12,2006-02-15 05:07:09.0
463,15,2006-02-15 05:07:09.0
464,2,2006-02-15 05:07:09.0
465,13,2006-02-15 05:07:09.0
466,6,2006-02-15 05:07:09.0
467,9,2006-02-15 05:07:09.0
468,3,2006-02-15 05:07:09.0
469,4,2006-02-15 05:07:09.0
470,2,2006-02-15 05:07:09.0
471,4,2006-02-15 05:07:09.0
472,16,2006-02-15 05:07:09.0
473,7,2006-02-15 05:07:09.0
474,15,2006-02-15 05:07:09.0
475,11,2006-02-15 05:07:09.0
476,8,2006-02-15 05:07:09.0
477,12,2006-02-15 05:07:09.0
478,5,2006-02-15 05:07:09.0
479,8,2006-02-15 05:07:09.0
480,4,2006-02-15 05:07:09.0
481,13,2006-02-15 05:07:09.0
482,4,2006-02-15 05:07:09.0
483,10,2006-02-15 05:07:09.0
484,4,2006-02-15 05:07:09.0
485,3,2006-02-15 05:07:09.0
486,9,2006-02-15 05:07:09.0
487,4,2006-02-15 05:07:09.0
488,15,2006-02-15 05:07:09.0
489,2,2006-02-15 05:07:09.0
490,13,2006-02-15 05:07:09.0
491,3,2006-02-15 05:07:09.0
492,13,2006-02-15 05:07:09.0
493,9,2006-02-15 05:07:09.0
494,11,2006-02-15 05:07:09.0
495,11,2006-02-15 05:07:09.0
496,16,2006-02-15 05:07:09.0
497,6,2006-02-15 05:07:09.0
498,8,2006-02-15 05:07:09.0
499,8,2006-02-15 05:07:09.0
500,9,2006-02-15 05:07:09.0
501,1,2006-02-15 05:07:09.0
502,5,2006-02-15 05:07:09.0
503,15,2006-02-15 05:07:09.0
504,7,2006-02-15 05:07:09.0
505,3,2006-02-15 05:07:09.0
506,11,2006-02-15 05:07:09.0
507,10,2006-02-15 05:07:09.0
508,10,2006-02-15 05:07:09.0
509,3,2006-02-15 05:07:09.0
510,2,2006-02-15 05:07:09.0
511,1,2006-02-15 05:07:09.0
512,4,2006-02-15 05:07:09.0
513,16,2006-02-15 05:07:09.0
514,7,2006-02-15 05:07:09.0
515,3,2006-02-15 05:07:09.0
516,12,2006-02-15 05:07:09.0
517,15,2006-02-15 05:07:09.0
518,16,2006-02-15 05:07:09.0
519,15,2006-02-15 05:07:09.0
520,14,2006-02-15 05:07:09.0
521,7,2006-02-15 05:07:09.0
522,5,2006-02-15 05:07:09.0
523,4,2006-02-15 05:07:09.0
524,5,2006-02-15 05:07:09.0
525,4,2006-02-15 05:07:09.0
526,16,2006-02-15 05:07:09.0
527,11,2006-02-15 05:07:09.0
528,8,2006-02-15 05:07:09.0
529,5,2006-02-15 05:07:09.0
530,1,2006-02-15 05:07:09.0
531,9,2006-02-15 05:07:09.0
532,15,2006-02-15 05:07:09.0
533,9,2006-02-15 05:07:09.0
534,8,2006-02-15 05:07:09.0
535,11,2006-02-15 05:07:09.0
536,4,2006-02-15 05:07:09.0
537,4,2006-02-15 05:07:09.0
538,13,2006-02-15 05:07:09.0
539,7,2006-02-15 05:07:09.0
540,12,2006-02-15 05:07:09.0
541,2,2006-02-15 05:07:09.0
542,1,2006-02-15 05:07:09.0
543,16,2006-02-15 05:07:09.0
544,6,2006-02-15 05:07:09.0
545,9,2006-02-15 05:07:09.0
546,10,2006-02-15 05:07:09.0
547,3,2006-02-15 05:07:09.0
548,4,2006-02-15 05:07:09.0
549,1,2006-02-15 05:07:09.0
550,8,2006-02-15 05:07:09.0
551,13,2006-02-15 05:07:09.0
552,6,2006-02-15 05:07:09.0
553,3,2006-02-15 05:07:09.0
554,4,2006-02-15 05:07:09.0
555,5,2006-02-15 05:07:09.0
556,10,2006-02-15 05:07:09.0
557,8,2006-02-15 05:07:09.0
558,13,2006-02-15 05:07:09.0
559,14,2006-02-15 05:07:09.0
560,10,2006-02-15 05:07:09.0
561,13,2006-02-15 05:07:09.0
562,12,2006-02-15 05:07:09.0
563,10,2006-02-15 05:07:09.0
564,2,2006-02-15 05:07:09.0
565,9,2006-02-15 05:07:09.0
566,9,2006-02-15 05:07:09.0
567,9,2006-02-15 05:07:09.0
568,5,2006-02-15 05:07:09.0
569,2,2006-02-15 05:07:09.0
570,15,2006-02-15 05:07:09.0
571,6,2006-02-15 05:07:09.0
572,14,2006-02-15 05:07:09.0
573,3,2006-02-15 05:07:09.0
574,1,2006-02-15 05:07:09.0
575,6,2006-02-15 05:07:09.0
576,6,2006-02-15 05:07:09.0
577,15,2006-02-15 05:07:09.0
578,4,2006-02-15 05:07:09.0
579,1,2006-02-15 05:07:09.0
580,13,2006-02-15 05:07:09.0
581,12,2006-02-15 05:07:09.0
582,2,2006-02-15 05:07:09.0
583,2,2006-02-15 05:07:09.0
584,9,2006-02-15 05:07:09.0
585,7,2006-02-15 05:07:09.0
586,1,2006-02-15 05:07:09.0
587,6,2006-02-15 05:07:09.0
588,3,2006-02-15 05:07:09.0
589,6,2006-02-15 05:07:09.0
590,13,2006-02-15 05:07:09.0
591,10,2006-02-15 05:07:09.0
592,12,2006-02-15 05:07:09.0
593,11,2006-02-15 05:07:09.0
594,1,2006-02-15 05:07:09.0
595,9,2006-02-15 05:07:09.0
596,10,2006-02-15 05:07:09.0
597,10,2006-02-15 05:07:09.0
598,15,2006-02-15 05:07:09.0
599,15,2006-02-15 05:07:09.0
600,11,2006-02-15 05:07:09.0
601,16,2006-02-15 05:07:09.0
602,14,2006-02-15 05:07:09.0
603,8,2006-02-15 05:07:09.0
604,5,2006-02-15 05:07:09.0
605,9,2006-02-15 05:07:09.0
606,15,2006-02-15 05:07:09.0
607,9,2006-02-15 05:07:09.0
608,3,2006-02-15 05:07:09.0
609,16,2006-02-15 05:07:09.0
610,8,2006-02-15 05:07:09.0
611,4,2006-02-15 05:07:09.0
612,15,2006-02-15 05:07:09.0
613,5,2006-02-15 05:07:09.0
614,10,2006-02-15 05:07:09.0
615,2,2006-02-15 05:07:09.0
616,6,2006-02-15 05:07:09.0
617,8,2006-02-15 05:07:09.0
618,7,2006-02-15 05:07:09.0
619,15,2006-02-15 05:07:09.0
620,14,2006-02-15 05:07:09.0
621,8,2006-02-15 05:07:09.0
622,6,2006-02-15 05:07:09.0
623,9,2006-02-15 05:07:09.0
624,10,2006-02-15 05:07:09.0
625,14,2006-02-15 05:07:09.0
626,3,2006-02-15 05:07:09.0
627,6,2006-02-15 05:07:09.0
628,15,2006-02-15 05:07:09.0
629,6,2006-02-15 05:07:09.0
630,7,2006-02-15 05:07:09.0
631,15,2006-02-15 05:07:09.0
632,13,2006-02-15 05:07:09.0
633,4,2006-02-15 05:07:09.0
634,8,2006-02-15 05:07:09.0
635,13,2006-02-15 05:07:09.0
636,12,2006-02-15 05:07:09.0
637,14,2006-02-15 05:07:09.0
638,5,2006-02-15 05:07:09.0
639,8,2006-02-15 05:07:09.0
640,9,2006-02-15 05:07:09.0
641,9,2006-02-15 05:07:09.0
642,16,2006-02-15 05:07:09.0
643,7,2006-02-15 05:07:09.0
644,2,2006-02-15 05:07:09.0
645,16,2006-02-15 05:07:09.0
646,10,2006-02-15 05:07:09.0
647,12,2006-02-15 05:07:09.0
648,16,2006-02-15 05:07:09.0
649,2,2006-02-15 05:07:09.0
650,6,2006-02-15 05:07:09.0
651,2,2006-02-15 05:07:09.0
652,4,2006-02-15 05:07:09.0
653,11,2006-02-15 05:07:09.0
654,10,2006-02-15 05:07:09.0
655,14,2006-02-15 05:07:09.0
656,16,2006-02-15 05:07:09.0
657,5,2006-02-15 05:07:09.0
658,11,2006-02-15 05:07:09.0
659,1,2006-02-15 05:07:09.0
660,5,2006-02-15 05:07:09.0
661,9,2006-02-15 05:07:09.0
662,7,2006-02-15 05:07:09.0
663,4,2006-02-15 05:07:09.0
664,1,2006-02-15 05:07:09.0
665,11,2006-02-15 05:07:09.0
666,7,2006-02-15 05:07:09.0
667,15,2006-02-15 05:07:09.0
668,15,2006-02-15 05:07:09.0
669,9,2006-02-15 05:07:09.0
670,6,2006-02-15 05:07:09.0
671,15,2006-02-15 05:07:09.0
672,5,2006-02-15 05:07:09.0
673,12,2006-02-15 05:07:09.0
674,9,2006-02-15 05:07:09.0
675,13,2006-02-15 05:07:09.0
676,15,2006-02-15 05:07:09.0
677,13,2006-02-15 05:07:09.0
678,15,2006-02-15 05:07:09.0
679,8,2006-02-15 05:07:09.0
680,5,2006-02-15 05:07:09.0
681,15,2006-02-15 05:07:09.0
682,8,2006-02-15 05:07:09.0
683,7,2006-02-15 05:07:09.0
684,10,2006-02-15 05:07:09.0
685,13,2006-02-15 05:07:09.0
686,13,2006-02-15 05:07:09.0
687,6,2006-02-15 05:07:09.0
688,3,2006-02-15 05:07:09.0
689,9,2006-02-15 05:07:09.0
690,2,2006-02-15 05:07:09.0
691,15,2006-02-15 05:07:09.0
692,2,2006-02-15 05:07:09.0
693,2,2006-02-15 05:07:09.0
694,4,2006-02-15 05:07:09.0
695,8,2006-02-15 05:07:09.0
696,2,2006-02-15 05:07:09.0
697,1,2006-02-15 05:07:09.0
698,6,2006-02-15 05:07:09.0
699,10,2006-02-15 05:07:09.0
700,8,2006-02-15 05:07:09.0
701,10,2006-02-15 05:07:09.0
702,11,2006-02-15 05:07:09.0
703,2,2006-02-15 05:07:09.0
704,5,2006-02-15 05:07:09.0
705,9,2006-02-15 05:07:09.0
706,7,2006-02-15 05:07:09.0
707,1,2006-02-15 05:07:09.0
708,6,2006-02-15 05:07:09.0
709,7,2006-02-15 05:07:09.0
710,8,2006-02-15 05:07:09.0
711,14,2006-02-15 05:07:09.0
712,6,2006-02-15 05:07:09.0
713,6,2006-02-15 05:07:09.0
714,14,2006-02-15 05:07:09.0
715,8,2006-02-15 05:07:09.0
716,11,2006-02-15 05:07:09.0
717,1,2006-02-15 05:07:09.0
718,12,2006-02-15 05:07:09.0
719,15,2006-02-15 05:07:09.0
720,13,2006-02-15 05:07:09.0
721,12,2006-02-15 05:07:09.0
722,11,2006-02-15 05:07:09.0
723,14,2006-02-15 05:07:09.0
724,8,2006-02-15 05:07:09.0
725,4,2006-02-15 05:07:09.0
726,9,2006-02-15 05:07:09.0
727,8,2006-02-15 05:07:09.0
728,7,2006-02-15 05:07:09.0
729,15,2006-02-15 05:07:09.0
730,13,2006-02-15 05:07:09.0
731,4,2006-02-15 05:07:09.0
732,1,2006-02-15 05:07:09.0
733,15,2006-02-15 05:07:09.0
734,6,2006-02-15 05:07:09.0
735,3,2006-02-15 05:07:09.0
736,8,2006-02-15 05:07:09.0
737,11,2006-02-15 05:07:09.0
738,9,2006-02-15 05:07:09.0
739,7,2006-02-15 05:07:09.0
740,11,2006-02-15 05:07:09.0
741,12,2006-02-15 05:07:09.0
742,10,2006-02-15 05:07:09.0
743,2,2006-02-15 05:07:09.0
744,4,2006-02-15 05:07:09.0
745,15,2006-02-15 05:07:09.0
746,10,2006-02-15 05:07:09.0
747,10,2006-02-15 05:07:09.0
748,1,2006-02-15 05:07:09.0
749,11,2006-02-15 05:07:09.0
750,13,2006-02-15 05:07:09.0
751,13,2006-02-15 05:07:09.0
752,12,2006-02-15 05:07:09.0
753,8,2006-02-15 05:07:09.0
754,5,2006-02-15 05:07:09.0
755,3,2006-02-15 05:07:09.0
756,5,2006-02-15 05:07:09.0
757,6,2006-02-15 05:07:09.0
758,7,2006-02-15 05:07:09.0
759,13,2006-02-15 05:07:09.0
760,13,2006-02-15 05:07:09.0
761,3,2006-02-15 05:07:09.0
762,10,2006-02-15 05:07:09.0
763,15,2006-02-15 05:07:09.0
764,15,2006-02-15 05:07:09.0
765,5,2006-02-15 05:07:09.0
766,7,2006-02-15 05:07:09.0
767,12,2006-02-15 05:07:09.0
768,3,2006-02-15 05:07:09.0
769,9,2006-02-15 05:07:09.0
770,9,2006-02-15 05:07:09.0
771,7,2006-02-15 05:07:09.0
772,7,2006-02-15 05:07:09.0
773,15,2006-02-15 05:07:09.0
774,5,2006-02-15 05:07:09.0
775,7,2006-02-15 05:07:09.0
776,6,2006-02-15 05:07:09.0
777,15,2006-02-15 05:07:09.0
778,8,2006-02-15 05:07:09.0
779,15,2006-02-15 05:07:09.0
780,8,2006-02-15 05:07:09.0
781,10,2006-02-15 05:07:09.0
782,15,2006-02-15 05:07:09.0
783,16,2006-02-15 05:07:09.0
784,16,2006-02-15 05:07:09.0
785,16,2006-02-15 05:07:09.0
786,3,2006-02-15 05:07:09.0
787,16,2006-02-15 05:07:09.0
788,6,2006-02-15 05:07:09.0
789,9,2006-02-15 05:07:09.0
790,7,2006-02-15 05:07:09.0
791,6,2006-02-15 05:07:09.0
792,9,2006-02-15 05:07:09.0
793,1,2006-02-15 05:07:09.0
794,1,2006-02-15 05:07:09.0
795,8,2006-02-15 05:07:09.0
796,15,2006-02-15 05:07:09.0
797,12,2006-02-15 05:07:09.0
798,14,2006-02-15 05:07:09.0
799,11,2006-02-15 05:07:09.0
800,11,2006-02-15 05:07:09.0
801,3,2006-02-15 05:07:09.0
802,1,2006-02-15 05:07:09.0
803,7,2006-02-15 05:07:09.0
804,11,2006-02-15 05:07:09.0
805,2,2006-02-15 05:07:09.0
806,13,2006-02-15 05:07:09.0
807,10,2006-02-15 05:07:09.0
808,4,2006-02-15 05:07:09.0
809,15,2006-02-15 05:07:09.0
810,8,2006-02-15 05:07:09.0
811,16,2006-02-15 05:07:09.0
812,6,2006-02-15 05:07:09.0
813,15,2006-02-15 05:07:09.0
814,5,2006-02-15 05:07:09.0
815,4,2006-02-15 05:07:09.0
816,2,2006-02-15 05:07:09.0
817,14,2006-02-15 05:07:09.0
818,7,2006-02-15 05:07:09.0
819,12,2006-02-15 05:07:09.0
820,2,2006-02-15 05:07:09.0
821,9,2006-02-15 05:07:09.0
822,8,2006-02-15 05:07:09.0
823,1,2006-02-15 05:07:09.0
824,8,2006-02-15 05:07:09.0
825,1,2006-02-15 05:07:09.0
826,16,2006-02-15 05:07:09.0
827,7,2006-02-15 05:07:09.0
828,4,2006-02-15 05:07:09.0
829,8,2006-02-15 05:07:09.0
830,11,2006-02-15 05:07:09.0
831,14,2006-02-15 05:07:09.0
832,8,2006-02-15 05:07:09.0
833,3,2006-02-15 05:07:09.0
834,6,2006-02-15 05:07:09.0
835,10,2006-02-15 05:07:09.0
836,15,2006-02-15 05:07:09.0
837,5,2006-02-15 05:07:09.0
838,1,2006-02-15 05:07:09.0
839,14,2006-02-15 05:07:09.0
840,10,2006-02-15 05:07:09.0
841,15,2006-02-15 05:07:09.0
842,10,2006-02-15 05:07:09.0
843,4,2006-02-15 05:07:09.0
844,15,2006-02-15 05:07:09.0
845,9,2006-02-15 05:07:09.0
846,13,2006-02-15 05:07:09.0
847,13,2006-02-15 05:07:09.0
848,16,2006-02-15 05:07:09.0
849,2,2006-02-15 05:07:09.0
850,1,2006-02-15 05:07:09.0
851,15,2006-02-15 05:07:09.0
852,3,2006-02-15 05:07:09.0
853,3,2006-02-15 05:07:09.0
854,11,2006-02-15 05:07:09.0
855,6,2006-02-15 05:07:09.0
856,11,2006-02-15 05:07:09.0
857,5,2006-02-15 05:07:09.0
858,5,2006-02-15 05:07:09.0
859,2,2006-02-15 05:07:09.0
860,14,2006-02-15 05:07:09.0
861,10,2006-02-15 05:07:09.0
862,4,2006-02-15 05:07:09.0
863,14,2006-02-15 05:07:09.0
864,3,2006-02-15 05:07:09.0
865,2,2006-02-15 05:07:09.0
866,8,2006-02-15 05:07:09.0
867,8,2006-02-15 05:07:09.0
868,16,2006-02-15 05:07:09.0
869,1,2006-02-15 05:07:09.0
870,11,2006-02-15 05:07:09.0
871,5,2006-02-15 05:07:09.0
872,16,2006-02-15 05:07:09.0
873,3,2006-02-15 05:07:09.0
874,4,2006-02-15 05:07:09.0
875,15,2006-02-15 05:07:09.0
876,11,2006-02-15 05:07:09.0
877,12,2006-02-15 05:07:09.0
878,16,2006-02-15 05:07:09.0
879,12,2006-02-15 05:07:09.0
880,2,2006-02-15 05:07:09.0
881,11,2006-02-15 05:07:09.0
882,7,2006-02-15 05:07:09.0
883,3,2006-02-15 05:07:09.0
884,12,2006-02-15 05:07:09.0
885,11,2006-02-15 05:07:09.0
886,2,2006-02-15 05:07:09.0
887,2,2006-02-15 05:07:09.0
888,6,2006-02-15 05:07:09.0
889,3,2006-02-15 05:07:09.0
890,15,2006-02-15 05:07:09.0
891,4,2006-02-15 05:07:09.0
892,2,2006-02-15 05:07:09.0
893,14,2006-02-15 05:07:09.0
894,16,2006-02-15 05:07:09.0
895,4,2006-02-15 05:07:09.0
896,3,2006-02-15 05:07:09.0
897,7,2006-02-15 05:07:09.0
898,15,2006-02-15 05:07:09.0
899,4,2006-02-15 05:07:09.0
900,9,2006-02-15 05:07:09.0
901,2,2006-02-15 05:07:09.0
902,15,2006-02-15 05:07:09.0
903,16,2006-02-15 05:07:09.0
904,11,2006-02-15 05:07:09.0
905,5,2006-02-15 05:07:09.0
906,5,2006-02-15 05:07:09.0
907,7,2006-02-15 05:07:09.0
908,9,2006-02-15 05:07:09.0
909,11,2006-02-15 05:07:09.0
910,7,2006-02-15 05:07:09.0
911,1,2006-02-15 05:07:09.0
912,14,2006-02-15 05:07:09.0
913,13,2006-02-15 05:07:09.0
914,16,2006-02-15 05:07:09.0
915,1,2006-02-15 05:07:09.0
916,2,2006-02-15 05:07:09.0
917,15,2006-02-15 05:07:09.0
918,3,2006-02-15 05:07:09.0
919,10,2006-02-15 05:07:09.0
920,13,2006-02-15 05:07:09.0
921,12,2006-02-15 05:07:09.0
922,11,2006-02-15 05:07:09.0
923,7,2006-02-15 05:07:09.0
924,14,2006-02-15 05:07:09.0
925,6,2006-02-15 05:07:09.0
926,6,2006-02-15 05:07:09.0
927,1,2006-02-15 05:07:09.0
928,3,2006-02-15 05:07:09.0
929,9,2006-02-15 05:07:09.0
930,14,2006-02-15 05:07:09.0
931,16,2006-02-15 05:07:09.0
932,5,2006-02-15 05:07:09.0
933,13,2006-02-15 05:07:09.0
934,10,2006-02-15 05:07:09.0
935,13,2006-02-15 05:07:09.0
936,12,2006-02-15 05:07:09.0
937,13,2006-02-15 05:07:09.0
938,5,2006-02-15 05:07:09.0
939,5,2006-02-15 05:07:09.0
940,15,2006-02-15 05:07:09.0
941,10,2006-02-15 05:07:09.0
942,7,2006-02-15 05:07:09.0
943,6,2006-02-15 05:07:09.0
944,7,2006-02-15 05:07:09.0
945,6,2006-02-15 05:07:09.0
946,8,2006-02-15 05:07:09.0
947,9,2006-02-15 05:07:09.0
948,13,2006-02-15 05:07:09.0
949,10,2006-02-15 05:07:09.0
950,4,2006-02-15 05:07:09.0
951,4,2006-02-15 05:07:09.0
952,6,2006-02-15 05:07:09.0
953,2,2006-02-15 05:07:09.0
954,13,2006-02-15 05:07:09.0
955,3,2006-02-15 05:07:09.0
956,10,2006-02-15 05:07:09.0
957,9,2006-02-15 05:07:09.0
958,7,2006-02-15 05:07:09.0
959,3,2006-02-15 05:07:09.0
960,6,2006-02-15 05:07:09.0
961,9,2006-02-15 05:07:09.0
962,4,2006-02-15 05:07:09.0
963,2,2006-02-15 05:07:09.0
964,1,2006-02-15 05:07:09.0
965,11,2006-02-15 05:07:09.0
966,6,2006-02-15 05:07:09.0
967,14,2006-02-15 05:07:09.0
968,1,2006-02-15 05:07:09.0
969,7,2006-02-15 05:07:09.0
970,4,2006-02-15 05:07:09.0
971,9,2006-02-15 05:07:09.0
972,14,2006-02-15 05:07:09.0
973,6,2006-02-15 05:07:09.0
974,13,2006-02-15 05:07:09.0
975,8,2006-02-15 05:07:09.0
976,10,2006-02-15 05:07:09.0
977,16,2006-02-15 05:07:09.0
978,5,2006-02-15 05:07:09.0
979,7,2006-02-15 05:07:09.0
980,12,2006-02-15 05:07:09.0
981,16,2006-02-15 05:07:09.0
982,1,2006-02-15 05:07:09.0
983,12,2006-02-15 05:07:09.0
984,9,2006-02-15 05:07:09.0
985,14,2006-02-15 05:07:09.0
986,2,2006-02-15 05:07:09.0
987,12,2006-02-15 05:07:09.0
988,16,2006-02-15 05:07:09.0
989,16,2006-02-15 05:07:09.0
990,11,2006-02-15 05:07:09.0
991,1,2006-02-15 05:07:09.0
992,6,2006-02-15 05:07:09.0
993,3,2006-02-15 05:07:09.0
994,13,2006-02-15 05:07:09.0
995,11,2006-02-15 05:07:09.0
996,6,2006-02-15 05:07:09.0
997,12,2006-02-15 05:07:09.0
998,11,2006-02-15 05:07:09.0
999,3,2006-02-15 05:07:09.0
1000,5,2006-02-15 05:07:09.0
